path	distribution_credit	license_note
.gitattributes	ReConfig by duv14 incorporates OneConfig by Polyfrost and contributors.	Original file notices and third-party rights preserved; see LICENSE-RECONFIG.txt / THIRD_PARTY_NOTICES.md
.github/ISSUE_TEMPLATE/bug_report.yml	ReConfig by duv14 incorporates OneConfig by Polyfrost and contributors.	Original file notices and third-party rights preserved; see LICENSE-RECONFIG.txt / THIRD_PARTY_NOTICES.md
.github/ISSUE_TEMPLATE/config.yml	ReConfig by duv14 incorporates OneConfig by Polyfrost and contributors.	Original file notices and third-party rights preserved; see LICENSE-RECONFIG.txt / THIRD_PARTY_NOTICES.md
.github/ISSUE_TEMPLATE/feature_request.md	ReConfig by duv14 incorporates OneConfig by Polyfrost and contributors.	Original file notices and third-party rights preserved; see LICENSE-RECONFIG.txt / THIRD_PARTY_NOTICES.md
.github/dependabot.yml	ReConfig by duv14 incorporates OneConfig by Polyfrost and contributors.	Original file notices and third-party rights preserved; see LICENSE-RECONFIG.txt / THIRD_PARTY_NOTICES.md
.github/pull_request_template.md	ReConfig by duv14 incorporates OneConfig by Polyfrost and contributors.	Original file notices and third-party rights preserved; see LICENSE-RECONFIG.txt / THIRD_PARTY_NOTICES.md
.github/workflows/build.yml	ReConfig by duv14 incorporates OneConfig by Polyfrost and contributors.	Original file notices and third-party rights preserved; see LICENSE-RECONFIG.txt / THIRD_PARTY_NOTICES.md
.gitignore	ReConfig by duv14 incorporates OneConfig by Polyfrost and contributors.	Original file notices and third-party rights preserved; see LICENSE-RECONFIG.txt / THIRD_PARTY_NOTICES.md
ATTRIBUTIONS.md	ReConfig by duv14 incorporates OneConfig by Polyfrost and contributors.	Original file notices and third-party rights preserved; see LICENSE-RECONFIG.txt / THIRD_PARTY_NOTICES.md
AUDIO-NOTES.md	ReConfig by duv14 incorporates OneConfig by Polyfrost and contributors.	Original file notices and third-party rights preserved; see LICENSE-RECONFIG.txt / THIRD_PARTY_NOTICES.md
BUILDING.md	ReConfig by duv14 incorporates OneConfig by Polyfrost and contributors.	Original file notices and third-party rights preserved; see LICENSE-RECONFIG.txt / THIRD_PARTY_NOTICES.md
CHANGELOG.md	ReConfig by duv14 incorporates OneConfig by Polyfrost and contributors.	Original file notices and third-party rights preserved; see LICENSE-RECONFIG.txt / THIRD_PARTY_NOTICES.md
CODE_OF_CONDUCT.md	ReConfig by duv14 incorporates OneConfig by Polyfrost and contributors.	Original file notices and third-party rights preserved; see LICENSE-RECONFIG.txt / THIRD_PARTY_NOTICES.md
CONTRIBUTING.md	ReConfig by duv14 incorporates OneConfig by Polyfrost and contributors.	Original file notices and third-party rights preserved; see LICENSE-RECONFIG.txt / THIRD_PARTY_NOTICES.md
FILEHEADER	ReConfig by duv14 incorporates OneConfig by Polyfrost and contributors.	Original file notices and third-party rights preserved; see LICENSE-RECONFIG.txt / THIRD_PARTY_NOTICES.md
FILE_ATTRIBUTIONS.tsv	ReConfig by duv14 incorporates OneConfig by Polyfrost and contributors.	Original file notices and third-party rights preserved; see LICENSE-RECONFIG.txt / THIRD_PARTY_NOTICES.md
LICENSE	ReConfig by duv14 incorporates OneConfig by Polyfrost and contributors.	Original file notices and third-party rights preserved; see LICENSE-RECONFIG.txt / THIRD_PARTY_NOTICES.md
LICENSE-RECONFIG.txt	ReConfig by duv14 incorporates OneConfig by Polyfrost and contributors.	Original file notices and third-party rights preserved; see LICENSE-RECONFIG.txt / THIRD_PARTY_NOTICES.md
LUCIDE-ICON-MAPPING.md	ReConfig by duv14 incorporates OneConfig by Polyfrost and contributors.	Original file notices and third-party rights preserved; see LICENSE-RECONFIG.txt / THIRD_PARTY_NOTICES.md
README.md	ReConfig by duv14 incorporates OneConfig by Polyfrost and contributors.	Original file notices and third-party rights preserved; see LICENSE-RECONFIG.txt / THIRD_PARTY_NOTICES.md
RELEASE-CHECKLIST.md	ReConfig by duv14 incorporates OneConfig by Polyfrost and contributors.	Original file notices and third-party rights preserved; see LICENSE-RECONFIG.txt / THIRD_PARTY_NOTICES.md
SECURITY.md	ReConfig by duv14 incorporates OneConfig by Polyfrost and contributors.	Original file notices and third-party rights preserved; see LICENSE-RECONFIG.txt / THIRD_PARTY_NOTICES.md
STATUS-v25.md	ReConfig by duv14 incorporates OneConfig by Polyfrost and contributors.	Original file notices and third-party rights preserved; see LICENSE-RECONFIG.txt / THIRD_PARTY_NOTICES.md
STATUS-v26.md	ReConfig by duv14 incorporates OneConfig by Polyfrost and contributors.	Original file notices and third-party rights preserved; see LICENSE-RECONFIG.txt / THIRD_PARTY_NOTICES.md
STATUS-v27.md	ReConfig by duv14 incorporates OneConfig by Polyfrost and contributors.	Original file notices and third-party rights preserved; see LICENSE-RECONFIG.txt / THIRD_PARTY_NOTICES.md
STATUS-v28.md	ReConfig by duv14 incorporates OneConfig by Polyfrost and contributors.	Original file notices and third-party rights preserved; see LICENSE-RECONFIG.txt / THIRD_PARTY_NOTICES.md
STATUS-v29.md	ReConfig by duv14 incorporates OneConfig by Polyfrost and contributors.	Original file notices and third-party rights preserved; see LICENSE-RECONFIG.txt / THIRD_PARTY_NOTICES.md
STATUS-v30.md	ReConfig by duv14 incorporates OneConfig by Polyfrost and contributors.	Original file notices and third-party rights preserved; see LICENSE-RECONFIG.txt / THIRD_PARTY_NOTICES.md
THIRD_PARTY_NOTICES.md	ReConfig by duv14 incorporates OneConfig by Polyfrost and contributors.	Original file notices and third-party rights preserved; see LICENSE-RECONFIG.txt / THIRD_PARTY_NOTICES.md
backend/README.md	ReConfig by duv14 incorporates OneConfig by Polyfrost and contributors.	Original file notices and third-party rights preserved; see LICENSE-RECONFIG.txt / THIRD_PARTY_NOTICES.md
backend/migrations/0001_initial.sql	ReConfig by duv14 incorporates OneConfig by Polyfrost and contributors.	Original file notices and third-party rights preserved; see LICENSE-RECONFIG.txt / THIRD_PARTY_NOTICES.md
backend/migrations/0002_social_v2.sql	ReConfig by duv14 incorporates OneConfig by Polyfrost and contributors.	Original file notices and third-party rights preserved; see LICENSE-RECONFIG.txt / THIRD_PARTY_NOTICES.md
backend/migrations/0003_social_schema_repair.sql	ReConfig by duv14 incorporates OneConfig by Polyfrost and contributors.	Original file notices and third-party rights preserved; see LICENSE-RECONFIG.txt / THIRD_PARTY_NOTICES.md
backend/migrations/0004_message_deletion.sql	ReConfig by duv14 incorporates OneConfig by Polyfrost and contributors.	Original file notices and third-party rights preserved; see LICENSE-RECONFIG.txt / THIRD_PARTY_NOTICES.md
backend/package.json	ReConfig by duv14 incorporates OneConfig by Polyfrost and contributors.	Original file notices and third-party rights preserved; see LICENSE-RECONFIG.txt / THIRD_PARTY_NOTICES.md
backend/src/worker.js	ReConfig by duv14 incorporates OneConfig by Polyfrost and contributors.	Original file notices and third-party rights preserved; see LICENSE-RECONFIG.txt / THIRD_PARTY_NOTICES.md
backend/test/worker.test.js	ReConfig by duv14 incorporates OneConfig by Polyfrost and contributors.	Original file notices and third-party rights preserved; see LICENSE-RECONFIG.txt / THIRD_PARTY_NOTICES.md
backend/wrangler.toml	ReConfig by duv14 incorporates OneConfig by Polyfrost and contributors.	Original file notices and third-party rights preserved; see LICENSE-RECONFIG.txt / THIRD_PARTY_NOTICES.md
bootstrap/build.gradle.kts	ReConfig by duv14 incorporates OneConfig by Polyfrost and contributors.	Original file notices and third-party rights preserved; see LICENSE-RECONFIG.txt / THIRD_PARTY_NOTICES.md
bootstrap/fabric.gradle.kts	ReConfig by duv14 incorporates OneConfig by Polyfrost and contributors.	Original file notices and third-party rights preserved; see LICENSE-RECONFIG.txt / THIRD_PARTY_NOTICES.md
bootstrap/fabric.obf.gradle.kts	ReConfig by duv14 incorporates OneConfig by Polyfrost and contributors.	Original file notices and third-party rights preserved; see LICENSE-RECONFIG.txt / THIRD_PARTY_NOTICES.md
bootstrap/gradle.properties	ReConfig by duv14 incorporates OneConfig by Polyfrost and contributors.	Original file notices and third-party rights preserved; see LICENSE-RECONFIG.txt / THIRD_PARTY_NOTICES.md
bootstrap/src/main/java/org/polyfrost/oneconfig/bootstrap/OneConfigBootstrap.java	ReConfig by duv14 incorporates OneConfig by Polyfrost and contributors.	Original file notices and third-party rights preserved; see LICENSE-RECONFIG.txt / THIRD_PARTY_NOTICES.md
bootstrap/src/main/resources/fabric.mod.json	ReConfig by duv14 incorporates OneConfig by Polyfrost and contributors.	Original file notices and third-party rights preserved; see LICENSE-RECONFIG.txt / THIRD_PARTY_NOTICES.md
bootstrap/src/main/resources/oneconfig-icon.png	ReConfig by duv14 incorporates OneConfig by Polyfrost and contributors.	Original file notices and third-party rights preserved; see LICENSE-RECONFIG.txt / THIRD_PARTY_NOTICES.md
bootstrap/src/main/resources/reconfig-icon.png	ReConfig by duv14 incorporates OneConfig by Polyfrost and contributors.	Original file notices and third-party rights preserved; see LICENSE-RECONFIG.txt / THIRD_PARTY_NOTICES.md
bootstrap/stonecutter.gradle.kts	ReConfig by duv14 incorporates OneConfig by Polyfrost and contributors.	Original file notices and third-party rights preserved; see LICENSE-RECONFIG.txt / THIRD_PARTY_NOTICES.md
bootstrap/versions/26.1-fabric/gradle.properties	ReConfig by duv14 incorporates OneConfig by Polyfrost and contributors.	Original file notices and third-party rights preserved; see LICENSE-RECONFIG.txt / THIRD_PARTY_NOTICES.md
bootstrap/versions/mainProject	ReConfig by duv14 incorporates OneConfig by Polyfrost and contributors.	Original file notices and third-party rights preserved; see LICENSE-RECONFIG.txt / THIRD_PARTY_NOTICES.md
build.gradle.kts	ReConfig by duv14 incorporates OneConfig by Polyfrost and contributors.	Original file notices and third-party rights preserved; see LICENSE-RECONFIG.txt / THIRD_PARTY_NOTICES.md
buildSrc/README.md	ReConfig by duv14 incorporates OneConfig by Polyfrost and contributors.	Original file notices and third-party rights preserved; see LICENSE-RECONFIG.txt / THIRD_PARTY_NOTICES.md
buildSrc/build.gradle.kts	ReConfig by duv14 incorporates OneConfig by Polyfrost and contributors.	Original file notices and third-party rights preserved; see LICENSE-RECONFIG.txt / THIRD_PARTY_NOTICES.md
buildSrc/settings.gradle.kts	ReConfig by duv14 incorporates OneConfig by Polyfrost and contributors.	Original file notices and third-party rights preserved; see LICENSE-RECONFIG.txt / THIRD_PARTY_NOTICES.md
buildSrc/src/main/kotlin/gg/essential/gradle/util/RelocationTransform.kt	ReConfig by duv14 incorporates OneConfig by Polyfrost and contributors.	Original file notices and third-party rights preserved; see LICENSE-RECONFIG.txt / THIRD_PARTY_NOTICES.md
buildSrc/src/main/kotlin/gg/essential/gradle/util/prebundle.kt	ReConfig by duv14 incorporates OneConfig by Polyfrost and contributors.	Original file notices and third-party rights preserved; see LICENSE-RECONFIG.txt / THIRD_PARTY_NOTICES.md
buildSrc/src/main/kotlin/gg/essential/gradle/util/relocate/KotlinClassMetadataRemappingAnnotationVisitor.kt	ReConfig by duv14 incorporates OneConfig by Polyfrost and contributors.	Original file notices and third-party rights preserved; see LICENSE-RECONFIG.txt / THIRD_PARTY_NOTICES.md
buildSrc/src/main/kotlin/gg/essential/gradle/util/relocate/KotlinClassRemapper.kt	ReConfig by duv14 incorporates OneConfig by Polyfrost and contributors.	Original file notices and third-party rights preserved; see LICENSE-RECONFIG.txt / THIRD_PARTY_NOTICES.md
buildSrc/src/main/kotlin/gg/essential/gradle/util/relocate/KotlinMetadataRemappingClassVisitor.kt	ReConfig by duv14 incorporates OneConfig by Polyfrost and contributors.	Original file notices and third-party rights preserved; see LICENSE-RECONFIG.txt / THIRD_PARTY_NOTICES.md
buildSrc/src/main/kotlin/gg/essential/gradle/util/utils.kt	ReConfig by duv14 incorporates OneConfig by Polyfrost and contributors.	Original file notices and third-party rights preserved; see LICENSE-RECONFIG.txt / THIRD_PARTY_NOTICES.md
buildSrc/src/main/kotlin/oneconfig-bootstrap.gradle.kts	ReConfig by duv14 incorporates OneConfig by Polyfrost and contributors.	Original file notices and third-party rights preserved; see LICENSE-RECONFIG.txt / THIRD_PARTY_NOTICES.md
buildSrc/src/main/kotlin/oneconfig-bridge.gradle.kts	ReConfig by duv14 incorporates OneConfig by Polyfrost and contributors.	Original file notices and third-party rights preserved; see LICENSE-RECONFIG.txt / THIRD_PARTY_NOTICES.md
buildSrc/src/main/kotlin/oneconfig-compose-bundle-publish.gradle.kts	ReConfig by duv14 incorporates OneConfig by Polyfrost and contributors.	Original file notices and third-party rights preserved; see LICENSE-RECONFIG.txt / THIRD_PARTY_NOTICES.md
buildSrc/src/main/kotlin/oneconfig-fabric.gradle.kts	ReConfig by duv14 incorporates OneConfig by Polyfrost and contributors.	Original file notices and third-party rights preserved; see LICENSE-RECONFIG.txt / THIRD_PARTY_NOTICES.md
buildSrc/src/main/kotlin/oneconfig-neoforge.gradle.kts	ReConfig by duv14 incorporates OneConfig by Polyfrost and contributors.	Original file notices and third-party rights preserved; see LICENSE-RECONFIG.txt / THIRD_PARTY_NOTICES.md
buildSrc/src/main/kotlin/oneconfig-setup.gradle.kts	ReConfig by duv14 incorporates OneConfig by Polyfrost and contributors.	Original file notices and third-party rights preserved; see LICENSE-RECONFIG.txt / THIRD_PARTY_NOTICES.md
buildSrc/src/main/kotlin/root.kt	ReConfig by duv14 incorporates OneConfig by Polyfrost and contributors.	Original file notices and third-party rights preserved; see LICENSE-RECONFIG.txt / THIRD_PARTY_NOTICES.md
buildSrc/src/main/kotlin/versioned-catalogues.gradle.kts	ReConfig by duv14 incorporates OneConfig by Polyfrost and contributors.	Original file notices and third-party rights preserved; see LICENSE-RECONFIG.txt / THIRD_PARTY_NOTICES.md
changelogsreconfig.html	ReConfig by duv14 incorporates OneConfig by Polyfrost and contributors.	Original file notices and third-party rights preserved; see LICENSE-RECONFIG.txt / THIRD_PARTY_NOTICES.md
docs/COMBAT-INTEGRATION.md	ReConfig by duv14 incorporates OneConfig by Polyfrost and contributors.	Original file notices and third-party rights preserved; see LICENSE-RECONFIG.txt / THIRD_PARTY_NOTICES.md
docs/licenses/HITBOX-CATEGORIES-LICENSE.txt	ReConfig by duv14 incorporates OneConfig by Polyfrost and contributors.	Original file notices and third-party rights preserved; see LICENSE-RECONFIG.txt / THIRD_PARTY_NOTICES.md
docs/superpowers/plans/2026-08-28-reconfig-client-expansion.md	ReConfig by duv14 incorporates OneConfig by Polyfrost and contributors.	Original file notices and third-party rights preserved; see LICENSE-RECONFIG.txt / THIRD_PARTY_NOTICES.md
docs/superpowers/plans/2026-08-28-reconfig-functional-modules-rebuild.md	ReConfig by duv14 incorporates OneConfig by Polyfrost and contributors.	Original file notices and third-party rights preserved; see LICENSE-RECONFIG.txt / THIRD_PARTY_NOTICES.md
docs/superpowers/plans/2026-08-28-social-ui-module-reset.md	ReConfig by duv14 incorporates OneConfig by Polyfrost and contributors.	Original file notices and third-party rights preserved; see LICENSE-RECONFIG.txt / THIRD_PARTY_NOTICES.md
docs/superpowers/plans/2026-08-29-working-modules-social-ui-plan.md	ReConfig by duv14 incorporates OneConfig by Polyfrost and contributors.	Original file notices and third-party rights preserved; see LICENSE-RECONFIG.txt / THIRD_PARTY_NOTICES.md
docs/superpowers/plans/2026-08-30-runtime-repair.md	ReConfig by duv14 incorporates OneConfig by Polyfrost and contributors.	Original file notices and third-party rights preserved; see LICENSE-RECONFIG.txt / THIRD_PARTY_NOTICES.md
docs/superpowers/specs/2026-08-28-reconfig-client-expansion-design.md	ReConfig by duv14 incorporates OneConfig by Polyfrost and contributors.	Original file notices and third-party rights preserved; see LICENSE-RECONFIG.txt / THIRD_PARTY_NOTICES.md
docs/superpowers/specs/2026-08-28-reconfig-functional-modules-rebuild-design.md	ReConfig by duv14 incorporates OneConfig by Polyfrost and contributors.	Original file notices and third-party rights preserved; see LICENSE-RECONFIG.txt / THIRD_PARTY_NOTICES.md
docs/superpowers/specs/2026-08-28-social-ui-module-reset-design.md	ReConfig by duv14 incorporates OneConfig by Polyfrost and contributors.	Original file notices and third-party rights preserved; see LICENSE-RECONFIG.txt / THIRD_PARTY_NOTICES.md
docs/superpowers/specs/2026-08-29-working-modules-social-ui-design.md	ReConfig by duv14 incorporates OneConfig by Polyfrost and contributors.	Original file notices and third-party rights preserved; see LICENSE-RECONFIG.txt / THIRD_PARTY_NOTICES.md
gradle.properties	ReConfig by duv14 incorporates OneConfig by Polyfrost and contributors.	Original file notices and third-party rights preserved; see LICENSE-RECONFIG.txt / THIRD_PARTY_NOTICES.md
gradle/common/1.21.1.versions.toml	ReConfig by duv14 incorporates OneConfig by Polyfrost and contributors.	Original file notices and third-party rights preserved; see LICENSE-RECONFIG.txt / THIRD_PARTY_NOTICES.md
gradle/common/1.21.10.versions.toml	ReConfig by duv14 incorporates OneConfig by Polyfrost and contributors.	Original file notices and third-party rights preserved; see LICENSE-RECONFIG.txt / THIRD_PARTY_NOTICES.md
gradle/common/1.21.11.versions.toml	ReConfig by duv14 incorporates OneConfig by Polyfrost and contributors.	Original file notices and third-party rights preserved; see LICENSE-RECONFIG.txt / THIRD_PARTY_NOTICES.md
gradle/common/1.21.4.versions.toml	ReConfig by duv14 incorporates OneConfig by Polyfrost and contributors.	Original file notices and third-party rights preserved; see LICENSE-RECONFIG.txt / THIRD_PARTY_NOTICES.md
gradle/common/1.21.5.versions.toml	ReConfig by duv14 incorporates OneConfig by Polyfrost and contributors.	Original file notices and third-party rights preserved; see LICENSE-RECONFIG.txt / THIRD_PARTY_NOTICES.md
gradle/common/1.21.8.versions.toml	ReConfig by duv14 incorporates OneConfig by Polyfrost and contributors.	Original file notices and third-party rights preserved; see LICENSE-RECONFIG.txt / THIRD_PARTY_NOTICES.md
gradle/common/26.1.versions.toml	ReConfig by duv14 incorporates OneConfig by Polyfrost and contributors.	Original file notices and third-party rights preserved; see LICENSE-RECONFIG.txt / THIRD_PARTY_NOTICES.md
gradle/common/26.2.versions.toml	ReConfig by duv14 incorporates OneConfig by Polyfrost and contributors.	Original file notices and third-party rights preserved; see LICENSE-RECONFIG.txt / THIRD_PARTY_NOTICES.md
gradle/fabric.versions.toml	ReConfig by duv14 incorporates OneConfig by Polyfrost and contributors.	Original file notices and third-party rights preserved; see LICENSE-RECONFIG.txt / THIRD_PARTY_NOTICES.md
gradle/fabric/1.21.1.versions.toml	ReConfig by duv14 incorporates OneConfig by Polyfrost and contributors.	Original file notices and third-party rights preserved; see LICENSE-RECONFIG.txt / THIRD_PARTY_NOTICES.md
gradle/fabric/1.21.10.versions.toml	ReConfig by duv14 incorporates OneConfig by Polyfrost and contributors.	Original file notices and third-party rights preserved; see LICENSE-RECONFIG.txt / THIRD_PARTY_NOTICES.md
gradle/fabric/1.21.11.versions.toml	ReConfig by duv14 incorporates OneConfig by Polyfrost and contributors.	Original file notices and third-party rights preserved; see LICENSE-RECONFIG.txt / THIRD_PARTY_NOTICES.md
gradle/fabric/1.21.4.versions.toml	ReConfig by duv14 incorporates OneConfig by Polyfrost and contributors.	Original file notices and third-party rights preserved; see LICENSE-RECONFIG.txt / THIRD_PARTY_NOTICES.md
gradle/fabric/1.21.5.versions.toml	ReConfig by duv14 incorporates OneConfig by Polyfrost and contributors.	Original file notices and third-party rights preserved; see LICENSE-RECONFIG.txt / THIRD_PARTY_NOTICES.md
gradle/fabric/1.21.8.versions.toml	ReConfig by duv14 incorporates OneConfig by Polyfrost and contributors.	Original file notices and third-party rights preserved; see LICENSE-RECONFIG.txt / THIRD_PARTY_NOTICES.md
gradle/fabric/26.1.versions.toml	ReConfig by duv14 incorporates OneConfig by Polyfrost and contributors.	Original file notices and third-party rights preserved; see LICENSE-RECONFIG.txt / THIRD_PARTY_NOTICES.md
gradle/fabric/26.2.versions.toml	ReConfig by duv14 incorporates OneConfig by Polyfrost and contributors.	Original file notices and third-party rights preserved; see LICENSE-RECONFIG.txt / THIRD_PARTY_NOTICES.md
gradle/libs.versions.toml	ReConfig by duv14 incorporates OneConfig by Polyfrost and contributors.	Original file notices and third-party rights preserved; see LICENSE-RECONFIG.txt / THIRD_PARTY_NOTICES.md
gradle/neoforge.versions.toml	ReConfig by duv14 incorporates OneConfig by Polyfrost and contributors.	Original file notices and third-party rights preserved; see LICENSE-RECONFIG.txt / THIRD_PARTY_NOTICES.md
gradle/neoforge/1.21.1.versions.toml	ReConfig by duv14 incorporates OneConfig by Polyfrost and contributors.	Original file notices and third-party rights preserved; see LICENSE-RECONFIG.txt / THIRD_PARTY_NOTICES.md
gradle/neoforge/1.21.10.versions.toml	ReConfig by duv14 incorporates OneConfig by Polyfrost and contributors.	Original file notices and third-party rights preserved; see LICENSE-RECONFIG.txt / THIRD_PARTY_NOTICES.md
gradle/neoforge/1.21.11.versions.toml	ReConfig by duv14 incorporates OneConfig by Polyfrost and contributors.	Original file notices and third-party rights preserved; see LICENSE-RECONFIG.txt / THIRD_PARTY_NOTICES.md
gradle/neoforge/1.21.4.versions.toml	ReConfig by duv14 incorporates OneConfig by Polyfrost and contributors.	Original file notices and third-party rights preserved; see LICENSE-RECONFIG.txt / THIRD_PARTY_NOTICES.md
gradle/neoforge/1.21.5.versions.toml	ReConfig by duv14 incorporates OneConfig by Polyfrost and contributors.	Original file notices and third-party rights preserved; see LICENSE-RECONFIG.txt / THIRD_PARTY_NOTICES.md
gradle/neoforge/1.21.8.versions.toml	ReConfig by duv14 incorporates OneConfig by Polyfrost and contributors.	Original file notices and third-party rights preserved; see LICENSE-RECONFIG.txt / THIRD_PARTY_NOTICES.md
gradle/neoforge/26.1.versions.toml	ReConfig by duv14 incorporates OneConfig by Polyfrost and contributors.	Original file notices and third-party rights preserved; see LICENSE-RECONFIG.txt / THIRD_PARTY_NOTICES.md
gradle/wrapper/gradle-wrapper.jar	ReConfig by duv14 incorporates OneConfig by Polyfrost and contributors.	Original file notices and third-party rights preserved; see LICENSE-RECONFIG.txt / THIRD_PARTY_NOTICES.md
gradle/wrapper/gradle-wrapper.properties	ReConfig by duv14 incorporates OneConfig by Polyfrost and contributors.	Original file notices and third-party rights preserved; see LICENSE-RECONFIG.txt / THIRD_PARTY_NOTICES.md
gradlew	ReConfig by duv14 incorporates OneConfig by Polyfrost and contributors.	Original file notices and third-party rights preserved; see LICENSE-RECONFIG.txt / THIRD_PARTY_NOTICES.md
gradlew.bat	ReConfig by duv14 incorporates OneConfig by Polyfrost and contributors.	Original file notices and third-party rights preserved; see LICENSE-RECONFIG.txt / THIRD_PARTY_NOTICES.md
minecraft/.gitignore	ReConfig by duv14 incorporates OneConfig by Polyfrost and contributors.	Original file notices and third-party rights preserved; see LICENSE-RECONFIG.txt / THIRD_PARTY_NOTICES.md
minecraft/README.md	ReConfig by duv14 incorporates OneConfig by Polyfrost and contributors.	Original file notices and third-party rights preserved; see LICENSE-RECONFIG.txt / THIRD_PARTY_NOTICES.md
minecraft/build.gradle.kts	ReConfig by duv14 incorporates OneConfig by Polyfrost and contributors.	Original file notices and third-party rights preserved; see LICENSE-RECONFIG.txt / THIRD_PARTY_NOTICES.md
minecraft/fabric.gradle.kts	ReConfig by duv14 incorporates OneConfig by Polyfrost and contributors.	Original file notices and third-party rights preserved; see LICENSE-RECONFIG.txt / THIRD_PARTY_NOTICES.md
minecraft/fabric.obf.gradle.kts	ReConfig by duv14 incorporates OneConfig by Polyfrost and contributors.	Original file notices and third-party rights preserved; see LICENSE-RECONFIG.txt / THIRD_PARTY_NOTICES.md
minecraft/gradle.properties	ReConfig by duv14 incorporates OneConfig by Polyfrost and contributors.	Original file notices and third-party rights preserved; see LICENSE-RECONFIG.txt / THIRD_PARTY_NOTICES.md
minecraft/mappings/1.21.4-forge+1.21.1-forge.txt	ReConfig by duv14 incorporates OneConfig by Polyfrost and contributors.	Original file notices and third-party rights preserved; see LICENSE-RECONFIG.txt / THIRD_PARTY_NOTICES.md
minecraft/neoforge.gradle.kts	ReConfig by duv14 incorporates OneConfig by Polyfrost and contributors.	Original file notices and third-party rights preserved; see LICENSE-RECONFIG.txt / THIRD_PARTY_NOTICES.md
minecraft/src/main/java/org/polyfrost/oneconfig/api/commands/v1/factories/annotated/Command.java	ReConfig by duv14 incorporates OneConfig by Polyfrost and contributors.	Original file notices and third-party rights preserved; see LICENSE-RECONFIG.txt / THIRD_PARTY_NOTICES.md
minecraft/src/main/java/org/polyfrost/oneconfig/api/commands/v1/factories/annotated/Handler.java	ReConfig by duv14 incorporates OneConfig by Polyfrost and contributors.	Original file notices and third-party rights preserved; see LICENSE-RECONFIG.txt / THIRD_PARTY_NOTICES.md
minecraft/src/main/java/org/polyfrost/oneconfig/api/commands/v1/factories/annotated/Param.java	ReConfig by duv14 incorporates OneConfig by Polyfrost and contributors.	Original file notices and third-party rights preserved; see LICENSE-RECONFIG.txt / THIRD_PARTY_NOTICES.md
minecraft/src/main/java/org/polyfrost/oneconfig/api/hypixel/v1/internal/HypixelApiInternalsImpl.java	ReConfig by duv14 incorporates OneConfig by Polyfrost and contributors.	Original file notices and third-party rights preserved; see LICENSE-RECONFIG.txt / THIRD_PARTY_NOTICES.md
minecraft/src/main/java/org/polyfrost/oneconfig/api/platform/v1/internal/CompatibilityPlatformImpl.java	ReConfig by duv14 incorporates OneConfig by Polyfrost and contributors.	Original file notices and third-party rights preserved; see LICENSE-RECONFIG.txt / THIRD_PARTY_NOTICES.md
minecraft/src/main/java/org/polyfrost/oneconfig/api/platform/v1/internal/I18nPlatformImpl.java	ReConfig by duv14 incorporates OneConfig by Polyfrost and contributors.	Original file notices and third-party rights preserved; see LICENSE-RECONFIG.txt / THIRD_PARTY_NOTICES.md
minecraft/src/main/java/org/polyfrost/oneconfig/api/platform/v1/internal/KeysImpl.java	ReConfig by duv14 incorporates OneConfig by Polyfrost and contributors.	Original file notices and third-party rights preserved; see LICENSE-RECONFIG.txt / THIRD_PARTY_NOTICES.md
minecraft/src/main/java/org/polyfrost/oneconfig/api/platform/v1/internal/LoaderPlatformImpl.java	ReConfig by duv14 incorporates OneConfig by Polyfrost and contributors.	Original file notices and third-party rights preserved; see LICENSE-RECONFIG.txt / THIRD_PARTY_NOTICES.md
minecraft/src/main/java/org/polyfrost/oneconfig/api/platform/v1/internal/OptionsImpl.java	ReConfig by duv14 incorporates OneConfig by Polyfrost and contributors.	Original file notices and third-party rights preserved; see LICENSE-RECONFIG.txt / THIRD_PARTY_NOTICES.md
minecraft/src/main/java/org/polyfrost/oneconfig/api/platform/v1/internal/ScreenPlatformImpl.java	ReConfig by duv14 incorporates OneConfig by Polyfrost and contributors.	Original file notices and third-party rights preserved; see LICENSE-RECONFIG.txt / THIRD_PARTY_NOTICES.md
minecraft/src/main/java/org/polyfrost/oneconfig/api/ui/v1/keybind/internal/MinecraftKeybindBridgeImpl.java	ReConfig by duv14 incorporates OneConfig by Polyfrost and contributors.	Original file notices and third-party rights preserved; see LICENSE-RECONFIG.txt / THIRD_PARTY_NOTICES.md
minecraft/src/main/java/org/polyfrost/oneconfig/internal/MainMenuFpsSampler.java	ReConfig by duv14 incorporates OneConfig by Polyfrost and contributors.	Original file notices and third-party rights preserved; see LICENSE-RECONFIG.txt / THIRD_PARTY_NOTICES.md
minecraft/src/main/java/org/polyfrost/oneconfig/internal/OneConfig.java	ReConfig by duv14 incorporates OneConfig by Polyfrost and contributors.	Original file notices and third-party rights preserved; see LICENSE-RECONFIG.txt / THIRD_PARTY_NOTICES.md
minecraft/src/main/java/org/polyfrost/oneconfig/internal/OneConfigEarlyMixinInit.java	ReConfig by duv14 incorporates OneConfig by Polyfrost and contributors.	Original file notices and third-party rights preserved; see LICENSE-RECONFIG.txt / THIRD_PARTY_NOTICES.md
minecraft/src/main/java/org/polyfrost/oneconfig/internal/OneConfigMixinInit.java	ReConfig by duv14 incorporates OneConfig by Polyfrost and contributors.	Original file notices and third-party rights preserved; see LICENSE-RECONFIG.txt / THIRD_PARTY_NOTICES.md
minecraft/src/main/java/org/polyfrost/oneconfig/internal/SkikoDataPath.java	ReConfig by duv14 incorporates OneConfig by Polyfrost and contributors.	Original file notices and third-party rights preserved; see LICENSE-RECONFIG.txt / THIRD_PARTY_NOTICES.md
minecraft/src/main/java/org/polyfrost/oneconfig/internal/SkikoDataPathPreLaunch.java	ReConfig by duv14 incorporates OneConfig by Polyfrost and contributors.	Original file notices and third-party rights preserved; see LICENSE-RECONFIG.txt / THIRD_PARTY_NOTICES.md
minecraft/src/main/java/org/polyfrost/oneconfig/internal/bootstrap/Bootstrap.java	ReConfig by duv14 incorporates OneConfig by Polyfrost and contributors.	Original file notices and third-party rights preserved; see LICENSE-RECONFIG.txt / THIRD_PARTY_NOTICES.md
minecraft/src/main/java/org/polyfrost/oneconfig/internal/compat/ModMenuShimLoader.java	ReConfig by duv14 incorporates OneConfig by Polyfrost and contributors.	Original file notices and third-party rights preserved; see LICENSE-RECONFIG.txt / THIRD_PARTY_NOTICES.md
minecraft/src/main/java/org/polyfrost/oneconfig/internal/mixin/Mixin_MainMenuFpsUncap.java	ReConfig by duv14 incorporates OneConfig by Polyfrost and contributors.	Original file notices and third-party rights preserved; see LICENSE-RECONFIG.txt / THIRD_PARTY_NOTICES.md
minecraft/src/main/java/org/polyfrost/oneconfig/internal/mixin/Mixin_PackRepository.java	ReConfig by duv14 incorporates OneConfig by Polyfrost and contributors.	Original file notices and third-party rights preserved; see LICENSE-RECONFIG.txt / THIRD_PARTY_NOTICES.md
minecraft/src/main/java/org/polyfrost/oneconfig/internal/mixin/Mixin_SimpleReloadInstance.java	ReConfig by duv14 incorporates OneConfig by Polyfrost and contributors.	Original file notices and third-party rights preserved; see LICENSE-RECONFIG.txt / THIRD_PARTY_NOTICES.md
minecraft/src/main/java/org/polyfrost/oneconfig/internal/mixin/blaze3d/GlDeviceAccessor.java	ReConfig by duv14 incorporates OneConfig by Polyfrost and contributors.	Original file notices and third-party rights preserved; see LICENSE-RECONFIG.txt / THIRD_PARTY_NOTICES.md
minecraft/src/main/java/org/polyfrost/oneconfig/internal/mixin/blaze3d/GpuDeviceAccessor.java	ReConfig by duv14 incorporates OneConfig by Polyfrost and contributors.	Original file notices and third-party rights preserved; see LICENSE-RECONFIG.txt / THIRD_PARTY_NOTICES.md
minecraft/src/main/java/org/polyfrost/oneconfig/internal/mixin/command/Mixin_ModernArgumentTypeEntryAccessor.java	ReConfig by duv14 incorporates OneConfig by Polyfrost and contributors.	Original file notices and third-party rights preserved; see LICENSE-RECONFIG.txt / THIRD_PARTY_NOTICES.md
minecraft/src/main/java/org/polyfrost/oneconfig/internal/mixin/compat/DandelionScreenImplMixin.java	ReConfig by duv14 incorporates OneConfig by Polyfrost and contributors.	Original file notices and third-party rights preserved; see LICENSE-RECONFIG.txt / THIRD_PARTY_NOTICES.md
minecraft/src/main/java/org/polyfrost/oneconfig/internal/mixin/compat/Mixin_DisableOptiFineFastRenderForBlur.java	ReConfig by duv14 incorporates OneConfig by Polyfrost and contributors.	Original file notices and third-party rights preserved; see LICENSE-RECONFIG.txt / THIRD_PARTY_NOTICES.md
minecraft/src/main/java/org/polyfrost/oneconfig/internal/mixin/compat/Mixin_ModMenu.java	ReConfig by duv14 incorporates OneConfig by Polyfrost and contributors.	Original file notices and third-party rights preserved; see LICENSE-RECONFIG.txt / THIRD_PARTY_NOTICES.md
minecraft/src/main/java/org/polyfrost/oneconfig/internal/mixin/compat/Mixin_VigilanceCarryover.java	ReConfig by duv14 incorporates OneConfig by Polyfrost and contributors.	Original file notices and third-party rights preserved; see LICENSE-RECONFIG.txt / THIRD_PARTY_NOTICES.md
minecraft/src/main/java/org/polyfrost/oneconfig/internal/mixin/compat/apec/Mixin_ApecMenu.java	ReConfig by duv14 incorporates OneConfig by Polyfrost and contributors.	Original file notices and third-party rights preserved; see LICENSE-RECONFIG.txt / THIRD_PARTY_NOTICES.md
minecraft/src/main/java/org/polyfrost/oneconfig/internal/mixin/compat/cloth/Mixin_ConfigBuilderImpl.java	ReConfig by duv14 incorporates OneConfig by Polyfrost and contributors.	Original file notices and third-party rights preserved; see LICENSE-RECONFIG.txt / THIRD_PARTY_NOTICES.md
minecraft/src/main/java/org/polyfrost/oneconfig/internal/mixin/compat/firmament/Mixin_FirmamentContentCapture.java	ReConfig by duv14 incorporates OneConfig by Polyfrost and contributors.	Original file notices and third-party rights preserved; see LICENSE-RECONFIG.txt / THIRD_PARTY_NOTICES.md
minecraft/src/main/java/org/polyfrost/oneconfig/internal/mixin/compat/firmament/Mixin_FirmamentHudMeta.java	ReConfig by duv14 incorporates OneConfig by Polyfrost and contributors.	Original file notices and third-party rights preserved; see LICENSE-RECONFIG.txt / THIRD_PARTY_NOTICES.md
minecraft/src/main/java/org/polyfrost/oneconfig/internal/mixin/compat/midnightlib/Mixin_MidnightConfig.java	ReConfig by duv14 incorporates OneConfig by Polyfrost and contributors.	Original file notices and third-party rights preserved; see LICENSE-RECONFIG.txt / THIRD_PARTY_NOTICES.md
minecraft/src/main/java/org/polyfrost/oneconfig/internal/mixin/compat/midnightlib/SliderButtonAccessor.java	ReConfig by duv14 incorporates OneConfig by Polyfrost and contributors.	Original file notices and third-party rights preserved; see LICENSE-RECONFIG.txt / THIRD_PARTY_NOTICES.md
minecraft/src/main/java/org/polyfrost/oneconfig/internal/mixin/compat/moulconfig/Mixin_ConfigProcessorDriver.java	ReConfig by duv14 incorporates OneConfig by Polyfrost and contributors.	Original file notices and third-party rights preserved; see LICENSE-RECONFIG.txt / THIRD_PARTY_NOTICES.md
minecraft/src/main/java/org/polyfrost/oneconfig/internal/mixin/compat/moulconfig/Mixin_GuiOptionEditorDropdown.java	ReConfig by duv14 incorporates OneConfig by Polyfrost and contributors.	Original file notices and third-party rights preserved; see LICENSE-RECONFIG.txt / THIRD_PARTY_NOTICES.md
minecraft/src/main/java/org/polyfrost/oneconfig/internal/mixin/compat/moulconfig/Mixin_GuiOptionEditorSlider.java	ReConfig by duv14 incorporates OneConfig by Polyfrost and contributors.	Original file notices and third-party rights preserved; see LICENSE-RECONFIG.txt / THIRD_PARTY_NOTICES.md
minecraft/src/main/java/org/polyfrost/oneconfig/internal/mixin/compat/moulconfig/Mixin_MCConfigEditorIntegration_Firmament.java	ReConfig by duv14 incorporates OneConfig by Polyfrost and contributors.	Original file notices and third-party rights preserved; see LICENSE-RECONFIG.txt / THIRD_PARTY_NOTICES.md
minecraft/src/main/java/org/polyfrost/oneconfig/internal/mixin/compat/moulconfig/Mixin_MoulConfigEditor.java	ReConfig by duv14 incorporates OneConfig by Polyfrost and contributors.	Original file notices and third-party rights preserved; see LICENSE-RECONFIG.txt / THIRD_PARTY_NOTICES.md
minecraft/src/main/java/org/polyfrost/oneconfig/internal/mixin/compat/moulconfig/Mixin_MoulConfigProcessor.java	ReConfig by duv14 incorporates OneConfig by Polyfrost and contributors.	Original file notices and third-party rights preserved; see LICENSE-RECONFIG.txt / THIRD_PARTY_NOTICES.md
minecraft/src/main/java/org/polyfrost/oneconfig/internal/mixin/compat/moulconfig/Mixin_PropertyImpl.java	ReConfig by duv14 incorporates OneConfig by Polyfrost and contributors.	Original file notices and third-party rights preserved; see LICENSE-RECONFIG.txt / THIRD_PARTY_NOTICES.md
minecraft/src/main/java/org/polyfrost/oneconfig/internal/mixin/compat/odin/Mixin_OdinModuleManager.java	ReConfig by duv14 incorporates OneConfig by Polyfrost and contributors.	Original file notices and third-party rights preserved; see LICENSE-RECONFIG.txt / THIRD_PARTY_NOTICES.md
minecraft/src/main/java/org/polyfrost/oneconfig/internal/mixin/compat/rconfig/Mixin_Configurations.java	ReConfig by duv14 incorporates OneConfig by Polyfrost and contributors.	Original file notices and third-party rights preserved; see LICENSE-RECONFIG.txt / THIRD_PARTY_NOTICES.md
minecraft/src/main/java/org/polyfrost/oneconfig/internal/mixin/compat/skyblocker/Mixin_SkyblockerFancyStatusBars.java	ReConfig by duv14 incorporates OneConfig by Polyfrost and contributors.	Original file notices and third-party rights preserved; see LICENSE-RECONFIG.txt / THIRD_PARTY_NOTICES.md
minecraft/src/main/java/org/polyfrost/oneconfig/internal/mixin/compat/skyblocker/Mixin_SkyblockerScreenBuilder.java	ReConfig by duv14 incorporates OneConfig by Polyfrost and contributors.	Original file notices and third-party rights preserved; see LICENSE-RECONFIG.txt / THIRD_PARTY_NOTICES.md
minecraft/src/main/java/org/polyfrost/oneconfig/internal/mixin/compat/skyblocker/Mixin_SkyblockerWidgetManager.java	ReConfig by duv14 incorporates OneConfig by Polyfrost and contributors.	Original file notices and third-party rights preserved; see LICENSE-RECONFIG.txt / THIRD_PARTY_NOTICES.md
minecraft/src/main/java/org/polyfrost/oneconfig/internal/mixin/compat/skycubed/Mixin_SkyCubed.java	ReConfig by duv14 incorporates OneConfig by Polyfrost and contributors.	Original file notices and third-party rights preserved; see LICENSE-RECONFIG.txt / THIRD_PARTY_NOTICES.md
minecraft/src/main/java/org/polyfrost/oneconfig/internal/mixin/compat/skycubed/Mixin_SkyCubedOverlays.java	ReConfig by duv14 incorporates OneConfig by Polyfrost and contributors.	Original file notices and third-party rights preserved; see LICENSE-RECONFIG.txt / THIRD_PARTY_NOTICES.md
minecraft/src/main/java/org/polyfrost/oneconfig/internal/mixin/compat/skyhanni/Mixin_SkyHanniRenderData.java	ReConfig by duv14 incorporates OneConfig by Polyfrost and contributors.	Original file notices and third-party rights preserved; see LICENSE-RECONFIG.txt / THIRD_PARTY_NOTICES.md
minecraft/src/main/java/org/polyfrost/oneconfig/internal/mixin/compat/stella/Mixin_Stella.java	ReConfig by duv14 incorporates OneConfig by Polyfrost and contributors.	Original file notices and third-party rights preserved; see LICENSE-RECONFIG.txt / THIRD_PARTY_NOTICES.md
minecraft/src/main/java/org/polyfrost/oneconfig/internal/mixin/compat/tr7zw/Mixin_AbstractConfigScreen.java	ReConfig by duv14 incorporates OneConfig by Polyfrost and contributors.	Original file notices and third-party rights preserved; see LICENSE-RECONFIG.txt / THIRD_PARTY_NOTICES.md
minecraft/src/main/java/org/polyfrost/oneconfig/internal/mixin/compat/walksylib/Mixin_WalksyLib_ModEntryPointList.java	ReConfig by duv14 incorporates OneConfig by Polyfrost and contributors.	Original file notices and third-party rights preserved; see LICENSE-RECONFIG.txt / THIRD_PARTY_NOTICES.md
minecraft/src/main/java/org/polyfrost/oneconfig/internal/mixin/compat/yacl/Mixin_YetAnotherConfigLib_Builder.java	ReConfig by duv14 incorporates OneConfig by Polyfrost and contributors.	Original file notices and third-party rights preserved; see LICENSE-RECONFIG.txt / THIRD_PARTY_NOTICES.md
minecraft/src/main/java/org/polyfrost/oneconfig/internal/mixin/events/Mixin_ChatReceiveEvent.java	ReConfig by duv14 incorporates OneConfig by Polyfrost and contributors.	Original file notices and third-party rights preserved; see LICENSE-RECONFIG.txt / THIRD_PARTY_NOTICES.md
minecraft/src/main/java/org/polyfrost/oneconfig/internal/mixin/events/Mixin_ChatSendEvent.java	ReConfig by duv14 incorporates OneConfig by Polyfrost and contributors.	Original file notices and third-party rights preserved; see LICENSE-RECONFIG.txt / THIRD_PARTY_NOTICES.md
minecraft/src/main/java/org/polyfrost/oneconfig/internal/mixin/events/Mixin_DebugOpenEvent.java	ReConfig by duv14 incorporates OneConfig by Polyfrost and contributors.	Original file notices and third-party rights preserved; see LICENSE-RECONFIG.txt / THIRD_PARTY_NOTICES.md
minecraft/src/main/java/org/polyfrost/oneconfig/internal/mixin/events/Mixin_FramebufferRenderEvent.java	ReConfig by duv14 incorporates OneConfig by Polyfrost and contributors.	Original file notices and third-party rights preserved; see LICENSE-RECONFIG.txt / THIRD_PARTY_NOTICES.md
minecraft/src/main/java/org/polyfrost/oneconfig/internal/mixin/events/Mixin_HudRenderEvent.java	ReConfig by duv14 incorporates OneConfig by Polyfrost and contributors.	Original file notices and third-party rights preserved; see LICENSE-RECONFIG.txt / THIRD_PARTY_NOTICES.md
minecraft/src/main/java/org/polyfrost/oneconfig/internal/mixin/events/Mixin_InitializationEvent.java	ReConfig by duv14 incorporates OneConfig by Polyfrost and contributors.	Original file notices and third-party rights preserved; see LICENSE-RECONFIG.txt / THIRD_PARTY_NOTICES.md
minecraft/src/main/java/org/polyfrost/oneconfig/internal/mixin/events/Mixin_KeyInputEvent.java	ReConfig by duv14 incorporates OneConfig by Polyfrost and contributors.	Original file notices and third-party rights preserved; see LICENSE-RECONFIG.txt / THIRD_PARTY_NOTICES.md
minecraft/src/main/java/org/polyfrost/oneconfig/internal/mixin/events/Mixin_ModernWindowFocusEvent.java	ReConfig by duv14 incorporates OneConfig by Polyfrost and contributors.	Original file notices and third-party rights preserved; see LICENSE-RECONFIG.txt / THIRD_PARTY_NOTICES.md
minecraft/src/main/java/org/polyfrost/oneconfig/internal/mixin/events/Mixin_MouseInputEvent.java	ReConfig by duv14 incorporates OneConfig by Polyfrost and contributors.	Original file notices and third-party rights preserved; see LICENSE-RECONFIG.txt / THIRD_PARTY_NOTICES.md
minecraft/src/main/java/org/polyfrost/oneconfig/internal/mixin/events/Mixin_MusicDucking.java	ReConfig by duv14 incorporates OneConfig by Polyfrost and contributors.	Original file notices and third-party rights preserved; see LICENSE-RECONFIG.txt / THIRD_PARTY_NOTICES.md
minecraft/src/main/java/org/polyfrost/oneconfig/internal/mixin/events/Mixin_PlayerInteractEvent_LeftAction.java	ReConfig by duv14 incorporates OneConfig by Polyfrost and contributors.	Original file notices and third-party rights preserved; see LICENSE-RECONFIG.txt / THIRD_PARTY_NOTICES.md
minecraft/src/main/java/org/polyfrost/oneconfig/internal/mixin/events/Mixin_PlayerInteractEvent_RightAction.java	ReConfig by duv14 incorporates OneConfig by Polyfrost and contributors.	Original file notices and third-party rights preserved; see LICENSE-RECONFIG.txt / THIRD_PARTY_NOTICES.md
minecraft/src/main/java/org/polyfrost/oneconfig/internal/mixin/events/Mixin_ReceivePacketEvent.java	ReConfig by duv14 incorporates OneConfig by Polyfrost and contributors.	Original file notices and third-party rights preserved; see LICENSE-RECONFIG.txt / THIRD_PARTY_NOTICES.md
minecraft/src/main/java/org/polyfrost/oneconfig/internal/mixin/events/Mixin_RenderLivingEntityEvent.java	ReConfig by duv14 incorporates OneConfig by Polyfrost and contributors.	Original file notices and third-party rights preserved; see LICENSE-RECONFIG.txt / THIRD_PARTY_NOTICES.md
minecraft/src/main/java/org/polyfrost/oneconfig/internal/mixin/events/Mixin_ResizeEvent.java	ReConfig by duv14 incorporates OneConfig by Polyfrost and contributors.	Original file notices and third-party rights preserved; see LICENSE-RECONFIG.txt / THIRD_PARTY_NOTICES.md
minecraft/src/main/java/org/polyfrost/oneconfig/internal/mixin/events/Mixin_ScreenOpenEvent_Fabric.java	ReConfig by duv14 incorporates OneConfig by Polyfrost and contributors.	Original file notices and third-party rights preserved; see LICENSE-RECONFIG.txt / THIRD_PARTY_NOTICES.md
minecraft/src/main/java/org/polyfrost/oneconfig/internal/mixin/events/Mixin_SendPacketEvent.java	ReConfig by duv14 incorporates OneConfig by Polyfrost and contributors.	Original file notices and third-party rights preserved; see LICENSE-RECONFIG.txt / THIRD_PARTY_NOTICES.md
minecraft/src/main/java/org/polyfrost/oneconfig/internal/mixin/events/Mixin_ServerJoinEvent.java	ReConfig by duv14 incorporates OneConfig by Polyfrost and contributors.	Original file notices and third-party rights preserved; see LICENSE-RECONFIG.txt / THIRD_PARTY_NOTICES.md
minecraft/src/main/java/org/polyfrost/oneconfig/internal/mixin/events/Mixin_ShutdownEvent.java	ReConfig by duv14 incorporates OneConfig by Polyfrost and contributors.	Original file notices and third-party rights preserved; see LICENSE-RECONFIG.txt / THIRD_PARTY_NOTICES.md
minecraft/src/main/java/org/polyfrost/oneconfig/internal/mixin/events/Mixin_SoundPlayedEvent.java	ReConfig by duv14 incorporates OneConfig by Polyfrost and contributors.	Original file notices and third-party rights preserved; see LICENSE-RECONFIG.txt / THIRD_PARTY_NOTICES.md
minecraft/src/main/java/org/polyfrost/oneconfig/internal/mixin/events/Mixin_TabOpenedEvent.java	ReConfig by duv14 incorporates OneConfig by Polyfrost and contributors.	Original file notices and third-party rights preserved; see LICENSE-RECONFIG.txt / THIRD_PARTY_NOTICES.md
minecraft/src/main/java/org/polyfrost/oneconfig/internal/mixin/events/Mixin_TickEvent.java	ReConfig by duv14 incorporates OneConfig by Polyfrost and contributors.	Original file notices and third-party rights preserved; see LICENSE-RECONFIG.txt / THIRD_PARTY_NOTICES.md
minecraft/src/main/java/org/polyfrost/oneconfig/internal/mixin/events/Mixin_WorldLoadEvent.java	ReConfig by duv14 incorporates OneConfig by Polyfrost and contributors.	Original file notices and third-party rights preserved; see LICENSE-RECONFIG.txt / THIRD_PARTY_NOTICES.md
minecraft/src/main/java/org/polyfrost/oneconfig/internal/mixin/events/Mixin_WorldUnloadEvent.java	ReConfig by duv14 incorporates OneConfig by Polyfrost and contributors.	Original file notices and third-party rights preserved; see LICENSE-RECONFIG.txt / THIRD_PARTY_NOTICES.md
minecraft/src/main/java/org/polyfrost/oneconfig/internal/mixin/fixes/Mixin_EffectTimerPlusLocation.java	ReConfig by duv14 incorporates OneConfig by Polyfrost and contributors.	Original file notices and third-party rights preserved; see LICENSE-RECONFIG.txt / THIRD_PARTY_NOTICES.md
minecraft/src/main/java/org/polyfrost/oneconfig/internal/mixin/fixes/Mixin_FixScoreboardErrorSpam.java	ReConfig by duv14 incorporates OneConfig by Polyfrost and contributors.	Original file notices and third-party rights preserved; see LICENSE-RECONFIG.txt / THIRD_PARTY_NOTICES.md
minecraft/src/main/java/org/polyfrost/oneconfig/internal/mixin/init/package-info.java	ReConfig by duv14 incorporates OneConfig by Polyfrost and contributors.	Original file notices and third-party rights preserved; see LICENSE-RECONFIG.txt / THIRD_PARTY_NOTICES.md
minecraft/src/main/java/org/polyfrost/oneconfig/internal/mixin/keybind/KeyMappingAccessor.java	ReConfig by duv14 incorporates OneConfig by Polyfrost and contributors.	Original file notices and third-party rights preserved; see LICENSE-RECONFIG.txt / THIRD_PARTY_NOTICES.md
minecraft/src/main/java/org/polyfrost/oneconfig/internal/mixin/keybind/KeyMappingCategoryAccessor.java	ReConfig by duv14 incorporates OneConfig by Polyfrost and contributors.	Original file notices and third-party rights preserved; see LICENSE-RECONFIG.txt / THIRD_PARTY_NOTICES.md
minecraft/src/main/java/org/polyfrost/oneconfig/internal/mixin/keybind/KeyMappingRegistryAccessor.java	ReConfig by duv14 incorporates OneConfig by Polyfrost and contributors.	Original file notices and third-party rights preserved; see LICENSE-RECONFIG.txt / THIRD_PARTY_NOTICES.md
minecraft/src/main/java/org/polyfrost/oneconfig/internal/mixin/keybind/Mixin_ControllingComboDisplay.java	ReConfig by duv14 incorporates OneConfig by Polyfrost and contributors.	Original file notices and third-party rights preserved; see LICENSE-RECONFIG.txt / THIRD_PARTY_NOTICES.md
minecraft/src/main/java/org/polyfrost/oneconfig/internal/mixin/keybind/Mixin_ControllingKeyRecord.java	ReConfig by duv14 incorporates OneConfig by Polyfrost and contributors.	Original file notices and third-party rights preserved; see LICENSE-RECONFIG.txt / THIRD_PARTY_NOTICES.md
minecraft/src/main/java/org/polyfrost/oneconfig/internal/mixin/keybind/Mixin_KeyMappingResetDetect.java	ReConfig by duv14 incorporates OneConfig by Polyfrost and contributors.	Original file notices and third-party rights preserved; see LICENSE-RECONFIG.txt / THIRD_PARTY_NOTICES.md
minecraft/src/main/java/org/polyfrost/oneconfig/internal/mixin/keybind/Mixin_KeybindCategoryLabel.java	ReConfig by duv14 incorporates OneConfig by Polyfrost and contributors.	Original file notices and third-party rights preserved; see LICENSE-RECONFIG.txt / THIRD_PARTY_NOTICES.md
minecraft/src/main/java/org/polyfrost/oneconfig/internal/mixin/keybind/Mixin_KeybindComboDisplay.java	ReConfig by duv14 incorporates OneConfig by Polyfrost and contributors.	Original file notices and third-party rights preserved; see LICENSE-RECONFIG.txt / THIRD_PARTY_NOTICES.md
minecraft/src/main/java/org/polyfrost/oneconfig/internal/mixin/keybind/Mixin_KeybindConflictDetect.java	ReConfig by duv14 incorporates OneConfig by Polyfrost and contributors.	Original file notices and third-party rights preserved; see LICENSE-RECONFIG.txt / THIRD_PARTY_NOTICES.md
minecraft/src/main/java/org/polyfrost/oneconfig/internal/mixin/keybind/Mixin_KeybindConflictScope.java	ReConfig by duv14 incorporates OneConfig by Polyfrost and contributors.	Original file notices and third-party rights preserved; see LICENSE-RECONFIG.txt / THIRD_PARTY_NOTICES.md
minecraft/src/main/java/org/polyfrost/oneconfig/internal/mixin/keybind/Mixin_OneConfigKeybindRebind.java	ReConfig by duv14 incorporates OneConfig by Polyfrost and contributors.	Original file notices and third-party rights preserved; see LICENSE-RECONFIG.txt / THIRD_PARTY_NOTICES.md
minecraft/src/main/java/org/polyfrost/oneconfig/internal/mixin/keybind/Mixin_OptionsSaveDetect.java	ReConfig by duv14 incorporates OneConfig by Polyfrost and contributors.	Original file notices and third-party rights preserved; see LICENSE-RECONFIG.txt / THIRD_PARTY_NOTICES.md
minecraft/src/main/java/org/polyfrost/oneconfig/internal/mixin/keybind/OptionsAccessor.java	ReConfig by duv14 incorporates OneConfig by Polyfrost and contributors.	Original file notices and third-party rights preserved; see LICENSE-RECONFIG.txt / THIRD_PARTY_NOTICES.md
minecraft/src/main/java/org/polyfrost/oneconfig/internal/mixin/reconfig/AbstractSoundAccessor.java	ReConfig by duv14 incorporates OneConfig by Polyfrost and contributors.	Original file notices and third-party rights preserved; see LICENSE-RECONFIG.txt / THIRD_PARTY_NOTICES.md
minecraft/src/main/java/org/polyfrost/oneconfig/internal/mixin/reconfig/GameRendererFovAccessor.java	ReConfig by duv14 incorporates OneConfig by Polyfrost and contributors.	Original file notices and third-party rights preserved; see LICENSE-RECONFIG.txt / THIRD_PARTY_NOTICES.md
minecraft/src/main/java/org/polyfrost/oneconfig/internal/mixin/reconfig/Mixin_ComboDamage.java	ReConfig by duv14 incorporates OneConfig by Polyfrost and contributors.	Original file notices and third-party rights preserved; see LICENSE-RECONFIG.txt / THIRD_PARTY_NOTICES.md
minecraft/src/main/java/org/polyfrost/oneconfig/internal/mixin/reconfig/Mixin_ReConfigAttack.java	ReConfig by duv14 incorporates OneConfig by Polyfrost and contributors.	Original file notices and third-party rights preserved; see LICENSE-RECONFIG.txt / THIRD_PARTY_NOTICES.md
minecraft/src/main/java/org/polyfrost/oneconfig/internal/mixin/reconfig/Mixin_ReConfigCamera.java	ReConfig by duv14 incorporates OneConfig by Polyfrost and contributors.	Original file notices and third-party rights preserved; see LICENSE-RECONFIG.txt / THIRD_PARTY_NOTICES.md
minecraft/src/main/java/org/polyfrost/oneconfig/internal/mixin/reconfig/Mixin_ReConfigCrosshair.java	ReConfig by duv14 incorporates OneConfig by Polyfrost and contributors.	Original file notices and third-party rights preserved; see LICENSE-RECONFIG.txt / THIRD_PARTY_NOTICES.md
minecraft/src/main/java/org/polyfrost/oneconfig/internal/mixin/reconfig/Mixin_ReConfigFog.java	ReConfig by duv14 incorporates OneConfig by Polyfrost and contributors.	Original file notices and third-party rights preserved; see LICENSE-RECONFIG.txt / THIRD_PARTY_NOTICES.md
minecraft/src/main/java/org/polyfrost/oneconfig/internal/mixin/reconfig/Mixin_ReConfigFov.java	ReConfig by duv14 incorporates OneConfig by Polyfrost and contributors.	Original file notices and third-party rights preserved; see LICENSE-RECONFIG.txt / THIRD_PARTY_NOTICES.md
minecraft/src/main/java/org/polyfrost/oneconfig/internal/mixin/reconfig/Mixin_ReConfigFullbright.java	ReConfig by duv14 incorporates OneConfig by Polyfrost and contributors.	Original file notices and third-party rights preserved; see LICENSE-RECONFIG.txt / THIRD_PARTY_NOTICES.md
minecraft/src/main/java/org/polyfrost/oneconfig/internal/mixin/reconfig/Mixin_ReConfigHitState.java	ReConfig by duv14 incorporates OneConfig by Polyfrost and contributors.	Original file notices and third-party rights preserved; see LICENSE-RECONFIG.txt / THIRD_PARTY_NOTICES.md
minecraft/src/main/java/org/polyfrost/oneconfig/internal/mixin/reconfig/Mixin_ReConfigHitboxes.java	ReConfig by duv14 incorporates OneConfig by Polyfrost and contributors.	Original file notices and third-party rights preserved; see LICENSE-RECONFIG.txt / THIRD_PARTY_NOTICES.md
minecraft/src/main/java/org/polyfrost/oneconfig/internal/mixin/reconfig/Mixin_ReConfigHurtCam.java	ReConfig by duv14 incorporates OneConfig by Polyfrost and contributors.	Original file notices and third-party rights preserved; see LICENSE-RECONFIG.txt / THIRD_PARTY_NOTICES.md
minecraft/src/main/java/org/polyfrost/oneconfig/internal/mixin/reconfig/Mixin_ReConfigLiving.java	ReConfig by duv14 incorporates OneConfig by Polyfrost and contributors.	Original file notices and third-party rights preserved; see LICENSE-RECONFIG.txt / THIRD_PARTY_NOTICES.md
minecraft/src/main/java/org/polyfrost/oneconfig/internal/mixin/reconfig/Mixin_ReConfigLookInput.java	ReConfig by duv14 incorporates OneConfig by Polyfrost and contributors.	Original file notices and third-party rights preserved; see LICENSE-RECONFIG.txt / THIRD_PARTY_NOTICES.md
minecraft/src/main/java/org/polyfrost/oneconfig/internal/mixin/reconfig/Mixin_ReConfigMotionBlur.java	ReConfig by duv14 incorporates OneConfig by Polyfrost and contributors.	Original file notices and third-party rights preserved; see LICENSE-RECONFIG.txt / THIRD_PARTY_NOTICES.md
minecraft/src/main/java/org/polyfrost/oneconfig/internal/mixin/reconfig/Mixin_ReConfigMouseCamera.java	ReConfig by duv14 incorporates OneConfig by Polyfrost and contributors.	Original file notices and third-party rights preserved; see LICENSE-RECONFIG.txt / THIRD_PARTY_NOTICES.md
minecraft/src/main/java/org/polyfrost/oneconfig/internal/mixin/reconfig/Mixin_ReConfigParticles.java	ReConfig by duv14 incorporates OneConfig by Polyfrost and contributors.	Original file notices and third-party rights preserved; see LICENSE-RECONFIG.txt / THIRD_PARTY_NOTICES.md
minecraft/src/main/java/org/polyfrost/oneconfig/internal/mixin/reconfig/Mixin_ReConfigPrecipitation.java	ReConfig by duv14 incorporates OneConfig by Polyfrost and contributors.	Original file notices and third-party rights preserved; see LICENSE-RECONFIG.txt / THIRD_PARTY_NOTICES.md
minecraft/src/main/java/org/polyfrost/oneconfig/internal/mixin/reconfig/Mixin_ReConfigProjectileConfirm.java	ReConfig by duv14 incorporates OneConfig by Polyfrost and contributors.	Original file notices and third-party rights preserved; see LICENSE-RECONFIG.txt / THIRD_PARTY_NOTICES.md
minecraft/src/main/java/org/polyfrost/oneconfig/internal/mixin/reconfig/Mixin_ReConfigProjectileUse.java	ReConfig by duv14 incorporates OneConfig by Polyfrost and contributors.	Original file notices and third-party rights preserved; see LICENSE-RECONFIG.txt / THIRD_PARTY_NOTICES.md
minecraft/src/main/java/org/polyfrost/oneconfig/internal/mixin/reconfig/Mixin_ReConfigStreamerAddress.java	ReConfig by duv14 incorporates OneConfig by Polyfrost and contributors.	Original file notices and third-party rights preserved; see LICENSE-RECONFIG.txt / THIRD_PARTY_NOTICES.md
minecraft/src/main/java/org/polyfrost/oneconfig/internal/mixin/reconfig/Mixin_ReConfigStreamerChat.java	ReConfig by duv14 incorporates OneConfig by Polyfrost and contributors.	Original file notices and third-party rights preserved; see LICENSE-RECONFIG.txt / THIRD_PARTY_NOTICES.md
minecraft/src/main/java/org/polyfrost/oneconfig/internal/mixin/reconfig/Mixin_ReConfigStreamerPlayers.java	ReConfig by duv14 incorporates OneConfig by Polyfrost and contributors.	Original file notices and third-party rights preserved; see LICENSE-RECONFIG.txt / THIRD_PARTY_NOTICES.md
minecraft/src/main/java/org/polyfrost/oneconfig/internal/mixin/reconfig/Mixin_ReConfigTeamHighlight.java	ReConfig by duv14 incorporates OneConfig by Polyfrost and contributors.	Original file notices and third-party rights preserved; see LICENSE-RECONFIG.txt / THIRD_PARTY_NOTICES.md
minecraft/src/main/java/org/polyfrost/oneconfig/internal/mixin/reconfig/Mixin_ReConfigToggleOptions.java	ReConfig by duv14 incorporates OneConfig by Polyfrost and contributors.	Original file notices and third-party rights preserved; see LICENSE-RECONFIG.txt / THIRD_PARTY_NOTICES.md
minecraft/src/main/java/org/polyfrost/oneconfig/internal/mixin/reconfig/Mixin_ReConfigWeather.java	ReConfig by duv14 incorporates OneConfig by Polyfrost and contributors.	Original file notices and third-party rights preserved; see LICENSE-RECONFIG.txt / THIRD_PARTY_NOTICES.md
minecraft/src/main/java/org/polyfrost/oneconfig/internal/mixin/reconfig/ToggleKeyAccessor.java	ReConfig by duv14 incorporates OneConfig by Polyfrost and contributors.	Original file notices and third-party rights preserved; see LICENSE-RECONFIG.txt / THIRD_PARTY_NOTICES.md
minecraft/src/main/java/org/polyfrost/oneconfig/internal/mixin/render/GameRendererAccessor.java	ReConfig by duv14 incorporates OneConfig by Polyfrost and contributors.	Original file notices and third-party rights preserved; see LICENSE-RECONFIG.txt / THIRD_PARTY_NOTICES.md
minecraft/src/main/java/org/polyfrost/oneconfig/internal/mixin/render/GuiRendererAccessor.java	ReConfig by duv14 incorporates OneConfig by Polyfrost and contributors.	Original file notices and third-party rights preserved; see LICENSE-RECONFIG.txt / THIRD_PARTY_NOTICES.md
minecraft/src/main/java/org/polyfrost/oneconfig/internal/mixin/skia/Mixin_CinnabarSkiaFlush.java	ReConfig by duv14 incorporates OneConfig by Polyfrost and contributors.	Original file notices and third-party rights preserved; see LICENSE-RECONFIG.txt / THIRD_PARTY_NOTICES.md
minecraft/src/main/java/org/polyfrost/oneconfig/internal/mixin/skia/Mixin_DebugOverlayAboveUi.java	ReConfig by duv14 incorporates OneConfig by Polyfrost and contributors.	Original file notices and third-party rights preserved; see LICENSE-RECONFIG.txt / THIRD_PARTY_NOTICES.md
minecraft/src/main/java/org/polyfrost/oneconfig/internal/mixin/skia/Mixin_FixComposeRaceCondition.java	ReConfig by duv14 incorporates OneConfig by Polyfrost and contributors.	Original file notices and third-party rights preserved; see LICENSE-RECONFIG.txt / THIRD_PARTY_NOTICES.md
minecraft/src/main/java/org/polyfrost/oneconfig/internal/mixin/skia/Mixin_GuiRendererLegacyTarget.java	ReConfig by duv14 incorporates OneConfig by Polyfrost and contributors.	Original file notices and third-party rights preserved; see LICENSE-RECONFIG.txt / THIRD_PARTY_NOTICES.md
minecraft/src/main/java/org/polyfrost/oneconfig/internal/mixin/skia/Mixin_InitSkia.java	ReConfig by duv14 incorporates OneConfig by Polyfrost and contributors.	Original file notices and third-party rights preserved; see LICENSE-RECONFIG.txt / THIRD_PARTY_NOTICES.md
minecraft/src/main/java/org/polyfrost/oneconfig/internal/mixin/skia/Mixin_InitSkiaFontRenderer.java	ReConfig by duv14 incorporates OneConfig by Polyfrost and contributors.	Original file notices and third-party rights preserved; see LICENSE-RECONFIG.txt / THIRD_PARTY_NOTICES.md
minecraft/src/main/java/org/polyfrost/oneconfig/internal/mixin/skia/Mixin_MainTargetRedirect.java	ReConfig by duv14 incorporates OneConfig by Polyfrost and contributors.	Original file notices and third-party rights preserved; see LICENSE-RECONFIG.txt / THIRD_PARTY_NOTICES.md
minecraft/src/main/java/org/polyfrost/oneconfig/internal/mixin/skia/Mixin_ScreenshotComposite.java	ReConfig by duv14 incorporates OneConfig by Polyfrost and contributors.	Original file notices and third-party rights preserved; see LICENSE-RECONFIG.txt / THIRD_PARTY_NOTICES.md
minecraft/src/main/java/org/polyfrost/oneconfig/internal/mixin/skia/Mixin_SkiaFrame.java	ReConfig by duv14 incorporates OneConfig by Polyfrost and contributors.	Original file notices and third-party rights preserved; see LICENSE-RECONFIG.txt / THIRD_PARTY_NOTICES.md
minecraft/src/main/java/org/polyfrost/oneconfig/internal/mixin/skia/Mixin_SkiaFramePresent.java	ReConfig by duv14 incorporates OneConfig by Polyfrost and contributors.	Original file notices and third-party rights preserved; see LICENSE-RECONFIG.txt / THIRD_PARTY_NOTICES.md
minecraft/src/main/java/org/polyfrost/oneconfig/internal/mixin/skia/Mixin_SkiaFrameVk.java	ReConfig by duv14 incorporates OneConfig by Polyfrost and contributors.	Original file notices and third-party rights preserved; see LICENSE-RECONFIG.txt / THIRD_PARTY_NOTICES.md
minecraft/src/main/java/org/polyfrost/oneconfig/internal/mixin/skia/Mixin_VulkanModBlurSnapshot.java	ReConfig by duv14 incorporates OneConfig by Polyfrost and contributors.	Original file notices and third-party rights preserved; see LICENSE-RECONFIG.txt / THIRD_PARTY_NOTICES.md
minecraft/src/main/java/org/polyfrost/oneconfig/internal/mixin/skia/Mixin_VulkanModSkiaFlush.java	ReConfig by duv14 incorporates OneConfig by Polyfrost and contributors.	Original file notices and third-party rights preserved; see LICENSE-RECONFIG.txt / THIRD_PARTY_NOTICES.md
minecraft/src/main/java/org/polyfrost/oneconfig/internal/reconfig/modules/ActivationState.java	ReConfig by duv14 incorporates OneConfig by Polyfrost and contributors.	Original file notices and third-party rights preserved; see LICENSE-RECONFIG.txt / THIRD_PARTY_NOTICES.md
minecraft/src/main/java/org/polyfrost/oneconfig/internal/reconfig/modules/AddressRedactor.java	ReConfig by duv14 incorporates OneConfig by Polyfrost and contributors.	Original file notices and third-party rights preserved; see LICENSE-RECONFIG.txt / THIRD_PARTY_NOTICES.md
minecraft/src/main/java/org/polyfrost/oneconfig/internal/reconfig/modules/BetterSounds.java	ReConfig by duv14 incorporates OneConfig by Polyfrost and contributors.	Original file notices and third-party rights preserved; see LICENSE-RECONFIG.txt / THIRD_PARTY_NOTICES.md
minecraft/src/main/java/org/polyfrost/oneconfig/internal/reconfig/modules/CustomCrosshair.java	ReConfig by duv14 incorporates OneConfig by Polyfrost and contributors.	Original file notices and third-party rights preserved; see LICENSE-RECONFIG.txt / THIRD_PARTY_NOTICES.md
minecraft/src/main/java/org/polyfrost/oneconfig/internal/reconfig/modules/EffectMath.java	ReConfig by duv14 incorporates OneConfig by Polyfrost and contributors.	Original file notices and third-party rights preserved; see LICENSE-RECONFIG.txt / THIRD_PARTY_NOTICES.md
minecraft/src/main/java/org/polyfrost/oneconfig/internal/reconfig/modules/FreeLookController.java	ReConfig by duv14 incorporates OneConfig by Polyfrost and contributors.	Original file notices and third-party rights preserved; see LICENSE-RECONFIG.txt / THIRD_PARTY_NOTICES.md
minecraft/src/main/java/org/polyfrost/oneconfig/internal/reconfig/modules/FreeLookState.java	ReConfig by duv14 incorporates OneConfig by Polyfrost and contributors.	Original file notices and third-party rights preserved; see LICENSE-RECONFIG.txt / THIRD_PARTY_NOTICES.md
minecraft/src/main/java/org/polyfrost/oneconfig/internal/reconfig/modules/HitFlash.java	ReConfig by duv14 incorporates OneConfig by Polyfrost and contributors.	Original file notices and third-party rights preserved; see LICENSE-RECONFIG.txt / THIRD_PARTY_NOTICES.md
minecraft/src/main/java/org/polyfrost/oneconfig/internal/reconfig/modules/HitTintState.java	ReConfig by duv14 incorporates OneConfig by Polyfrost and contributors.	Original file notices and third-party rights preserved; see LICENSE-RECONFIG.txt / THIRD_PARTY_NOTICES.md
minecraft/src/main/java/org/polyfrost/oneconfig/internal/reconfig/modules/HudCounters.java	ReConfig by duv14 incorporates OneConfig by Polyfrost and contributors.	Original file notices and third-party rights preserved; see LICENSE-RECONFIG.txt / THIRD_PARTY_NOTICES.md
minecraft/src/main/java/org/polyfrost/oneconfig/internal/reconfig/modules/PredictionPolicy.java	ReConfig by duv14 incorporates OneConfig by Polyfrost and contributors.	Original file notices and third-party rights preserved; see LICENSE-RECONFIG.txt / THIRD_PARTY_NOTICES.md
minecraft/src/main/java/org/polyfrost/oneconfig/internal/reconfig/modules/ProjectilePrediction.java	ReConfig by duv14 incorporates OneConfig by Polyfrost and contributors.	Original file notices and third-party rights preserved; see LICENSE-RECONFIG.txt / THIRD_PARTY_NOTICES.md
minecraft/src/main/java/org/polyfrost/oneconfig/internal/reconfig/modules/SmoothZoom.java	ReConfig by duv14 incorporates OneConfig by Polyfrost and contributors.	Original file notices and third-party rights preserved; see LICENSE-RECONFIG.txt / THIRD_PARTY_NOTICES.md
minecraft/src/main/java/org/polyfrost/oneconfig/internal/reconfig/modules/WaypointRenderer.java	ReConfig by duv14 incorporates OneConfig by Polyfrost and contributors.	Original file notices and third-party rights preserved; see LICENSE-RECONFIG.txt / THIRD_PARTY_NOTICES.md
minecraft/src/main/java/org/polyfrost/oneconfig/internal/reconfig/modules/ZoomController.java	ReConfig by duv14 incorporates OneConfig by Polyfrost and contributors.	Original file notices and third-party rights preserved; see LICENSE-RECONFIG.txt / THIRD_PARTY_NOTICES.md
minecraft/src/main/java/org/polyfrost/oneconfig/internal/ui/PlayerHeadBlit.java	ReConfig by duv14 incorporates OneConfig by Polyfrost and contributors.	Original file notices and third-party rights preserved; see LICENSE-RECONFIG.txt / THIRD_PARTY_NOTICES.md
minecraft/src/main/java/org/polyfrost/oneconfig/internal/ui/PlayerHeadSkinAccess.java	ReConfig by duv14 incorporates OneConfig by Polyfrost and contributors.	Original file notices and third-party rights preserved; see LICENSE-RECONFIG.txt / THIRD_PARTY_NOTICES.md
minecraft/src/main/java/org/polyfrost/oneconfig/internal/ui/PlayerHeadTextureAccess.java	ReConfig by duv14 incorporates OneConfig by Polyfrost and contributors.	Original file notices and third-party rights preserved; see LICENSE-RECONFIG.txt / THIRD_PARTY_NOTICES.md
minecraft/src/main/java/org/polyfrost/oneconfig/internal/ui/keybind/OneConfigKeybindRecorder.java	ReConfig by duv14 incorporates OneConfig by Polyfrost and contributors.	Original file notices and third-party rights preserved; see LICENSE-RECONFIG.txt / THIRD_PARTY_NOTICES.md
minecraft/src/main/java/org/polyfrost/oneconfig/internal/ui/keybind/RightShiftConflicts.java	ReConfig by duv14 incorporates OneConfig by Polyfrost and contributors.	Original file notices and third-party rights preserved; see LICENSE-RECONFIG.txt / THIRD_PARTY_NOTICES.md
minecraft/src/main/java/org/polyfrost/oneconfig/internal/ui/sound/OneConfigSoundPackSource.java	ReConfig by duv14 incorporates OneConfig by Polyfrost and contributors.	Original file notices and third-party rights preserved; see LICENSE-RECONFIG.txt / THIRD_PARTY_NOTICES.md
minecraft/src/main/java/org/polyfrost/oneconfig/internal/utils/ComponentHelper.java	ReConfig by duv14 incorporates OneConfig by Polyfrost and contributors.	Original file notices and third-party rights preserved; see LICENSE-RECONFIG.txt / THIRD_PARTY_NOTICES.md
minecraft/src/main/java/org/polyfrost/oneconfig/internal/utils/MoulConfigGuiOptionEditorDropdownAccessor.java	ReConfig by duv14 incorporates OneConfig by Polyfrost and contributors.	Original file notices and third-party rights preserved; see LICENSE-RECONFIG.txt / THIRD_PARTY_NOTICES.md
minecraft/src/main/java/org/polyfrost/oneconfig/internal/utils/MoulConfigProcessorAccessor.java	ReConfig by duv14 incorporates OneConfig by Polyfrost and contributors.	Original file notices and third-party rights preserved; see LICENSE-RECONFIG.txt / THIRD_PARTY_NOTICES.md
minecraft/src/main/java/org/polyfrost/oneconfig/test/TestCommand_Test.java	ReConfig by duv14 incorporates OneConfig by Polyfrost and contributors.	Original file notices and third-party rights preserved; see LICENSE-RECONFIG.txt / THIRD_PARTY_NOTICES.md
minecraft/src/main/java/org/polyfrost/oneconfig/test/TestConfig_Test.java	ReConfig by duv14 incorporates OneConfig by Polyfrost and contributors.	Original file notices and third-party rights preserved; see LICENSE-RECONFIG.txt / THIRD_PARTY_NOTICES.md
minecraft/src/main/java/org/polyfrost/oneconfig/test/TestLegacyHud_Test.java	ReConfig by duv14 incorporates OneConfig by Polyfrost and contributors.	Original file notices and third-party rights preserved; see LICENSE-RECONFIG.txt / THIRD_PARTY_NOTICES.md
minecraft/src/main/java/org/polyfrost/oneconfig/test/TestMod_Test.java	ReConfig by duv14 incorporates OneConfig by Polyfrost and contributors.	Original file notices and third-party rights preserved; see LICENSE-RECONFIG.txt / THIRD_PARTY_NOTICES.md
minecraft/src/main/java/org/polyfrost/oneconfig/test/package-info.java	ReConfig by duv14 incorporates OneConfig by Polyfrost and contributors.	Original file notices and third-party rights preserved; see LICENSE-RECONFIG.txt / THIRD_PARTY_NOTICES.md
minecraft/src/main/kotlin/org/polyfrost/oneconfig/api/commands/v1/CommandManager.kt	ReConfig by duv14 incorporates OneConfig by Polyfrost and contributors.	Original file notices and third-party rights preserved; see LICENSE-RECONFIG.txt / THIRD_PARTY_NOTICES.md
minecraft/src/main/kotlin/org/polyfrost/oneconfig/api/commands/v1/factories/CommandFactory.kt	ReConfig by duv14 incorporates OneConfig by Polyfrost and contributors.	Original file notices and third-party rights preserved; see LICENSE-RECONFIG.txt / THIRD_PARTY_NOTICES.md
minecraft/src/main/kotlin/org/polyfrost/oneconfig/api/commands/v1/factories/annotated/AnnotationCommandFactory.kt	ReConfig by duv14 incorporates OneConfig by Polyfrost and contributors.	Original file notices and third-party rights preserved; see LICENSE-RECONFIG.txt / THIRD_PARTY_NOTICES.md
minecraft/src/main/kotlin/org/polyfrost/oneconfig/api/hud/v1/LegacyHud.kt	ReConfig by duv14 incorporates OneConfig by Polyfrost and contributors.	Original file notices and third-party rights preserved; see LICENSE-RECONFIG.txt / THIRD_PARTY_NOTICES.md
minecraft/src/main/kotlin/org/polyfrost/oneconfig/api/ui/v1/internal/OneConfigUIBridgeImpl.kt	ReConfig by duv14 incorporates OneConfig by Polyfrost and contributors.	Original file notices and third-party rights preserved; see LICENSE-RECONFIG.txt / THIRD_PARTY_NOTICES.md
minecraft/src/main/kotlin/org/polyfrost/oneconfig/internal/ComponentUtil.kt	ReConfig by duv14 incorporates OneConfig by Polyfrost and contributors.	Original file notices and third-party rights preserved; see LICENSE-RECONFIG.txt / THIRD_PARTY_NOTICES.md
minecraft/src/main/kotlin/org/polyfrost/oneconfig/internal/compat/ApecCompat.kt	ReConfig by duv14 incorporates OneConfig by Polyfrost and contributors.	Original file notices and third-party rights preserved; see LICENSE-RECONFIG.txt / THIRD_PARTY_NOTICES.md
minecraft/src/main/kotlin/org/polyfrost/oneconfig/internal/compat/ClothConfigCompat.kt	ReConfig by duv14 incorporates OneConfig by Polyfrost and contributors.	Original file notices and third-party rights preserved; see LICENSE-RECONFIG.txt / THIRD_PARTY_NOTICES.md
minecraft/src/main/kotlin/org/polyfrost/oneconfig/internal/compat/CompatHudToggle.kt	ReConfig by duv14 incorporates OneConfig by Polyfrost and contributors.	Original file notices and third-party rights preserved; see LICENSE-RECONFIG.txt / THIRD_PARTY_NOTICES.md
minecraft/src/main/kotlin/org/polyfrost/oneconfig/internal/compat/CompatIds.kt	ReConfig by duv14 incorporates OneConfig by Polyfrost and contributors.	Original file notices and third-party rights preserved; see LICENSE-RECONFIG.txt / THIRD_PARTY_NOTICES.md
minecraft/src/main/kotlin/org/polyfrost/oneconfig/internal/compat/CompatLoader.kt	ReConfig by duv14 incorporates OneConfig by Polyfrost and contributors.	Original file notices and third-party rights preserved; see LICENSE-RECONFIG.txt / THIRD_PARTY_NOTICES.md
minecraft/src/main/kotlin/org/polyfrost/oneconfig/internal/compat/DandelionCompat.kt	ReConfig by duv14 incorporates OneConfig by Polyfrost and contributors.	Original file notices and third-party rights preserved; see LICENSE-RECONFIG.txt / THIRD_PARTY_NOTICES.md
minecraft/src/main/kotlin/org/polyfrost/oneconfig/internal/compat/FirmamentHudCompat.kt	ReConfig by duv14 incorporates OneConfig by Polyfrost and contributors.	Original file notices and third-party rights preserved; see LICENSE-RECONFIG.txt / THIRD_PARTY_NOTICES.md
minecraft/src/main/kotlin/org/polyfrost/oneconfig/internal/compat/GuiOptionEditorSliderAccessor.kt	ReConfig by duv14 incorporates OneConfig by Polyfrost and contributors.	Original file notices and third-party rights preserved; see LICENSE-RECONFIG.txt / THIRD_PARTY_NOTICES.md
minecraft/src/main/kotlin/org/polyfrost/oneconfig/internal/compat/KaleidoCompat.kt	ReConfig by duv14 incorporates OneConfig by Polyfrost and contributors.	Original file notices and third-party rights preserved; see LICENSE-RECONFIG.txt / THIRD_PARTY_NOTICES.md
minecraft/src/main/kotlin/org/polyfrost/oneconfig/internal/compat/MidnightLibCompat.kt	ReConfig by duv14 incorporates OneConfig by Polyfrost and contributors.	Original file notices and third-party rights preserved; see LICENSE-RECONFIG.txt / THIRD_PARTY_NOTICES.md
minecraft/src/main/kotlin/org/polyfrost/oneconfig/internal/compat/ModMenuCompat.kt	ReConfig by duv14 incorporates OneConfig by Polyfrost and contributors.	Original file notices and third-party rights preserved; see LICENSE-RECONFIG.txt / THIRD_PARTY_NOTICES.md
minecraft/src/main/kotlin/org/polyfrost/oneconfig/internal/compat/ModMenuEntrypoint.kt	ReConfig by duv14 incorporates OneConfig by Polyfrost and contributors.	Original file notices and third-party rights preserved; see LICENSE-RECONFIG.txt / THIRD_PARTY_NOTICES.md
minecraft/src/main/kotlin/org/polyfrost/oneconfig/internal/compat/MoulConfigCompat.kt	ReConfig by duv14 incorporates OneConfig by Polyfrost and contributors.	Original file notices and third-party rights preserved; see LICENSE-RECONFIG.txt / THIRD_PARTY_NOTICES.md
minecraft/src/main/kotlin/org/polyfrost/oneconfig/internal/compat/MoulConfigDispatch.kt	ReConfig by duv14 incorporates OneConfig by Polyfrost and contributors.	Original file notices and third-party rights preserved; see LICENSE-RECONFIG.txt / THIRD_PARTY_NOTICES.md
minecraft/src/main/kotlin/org/polyfrost/oneconfig/internal/compat/MoulPropertyBuilder.kt	ReConfig by duv14 incorporates OneConfig by Polyfrost and contributors.	Original file notices and third-party rights preserved; see LICENSE-RECONFIG.txt / THIRD_PARTY_NOTICES.md
minecraft/src/main/kotlin/org/polyfrost/oneconfig/internal/compat/OdinCompat.kt	ReConfig by duv14 incorporates OneConfig by Polyfrost and contributors.	Original file notices and third-party rights preserved; see LICENSE-RECONFIG.txt / THIRD_PARTY_NOTICES.md
minecraft/src/main/kotlin/org/polyfrost/oneconfig/internal/compat/RConfigCompat.kt	ReConfig by duv14 incorporates OneConfig by Polyfrost and contributors.	Original file notices and third-party rights preserved; see LICENSE-RECONFIG.txt / THIRD_PARTY_NOTICES.md
minecraft/src/main/kotlin/org/polyfrost/oneconfig/internal/compat/SkyCubedCompat.kt	ReConfig by duv14 incorporates OneConfig by Polyfrost and contributors.	Original file notices and third-party rights preserved; see LICENSE-RECONFIG.txt / THIRD_PARTY_NOTICES.md
minecraft/src/main/kotlin/org/polyfrost/oneconfig/internal/compat/SkyHanniHudCompat.kt	ReConfig by duv14 incorporates OneConfig by Polyfrost and contributors.	Original file notices and third-party rights preserved; see LICENSE-RECONFIG.txt / THIRD_PARTY_NOTICES.md
minecraft/src/main/kotlin/org/polyfrost/oneconfig/internal/compat/SkyblockerCompat.kt	ReConfig by duv14 incorporates OneConfig by Polyfrost and contributors.	Original file notices and third-party rights preserved; see LICENSE-RECONFIG.txt / THIRD_PARTY_NOTICES.md
minecraft/src/main/kotlin/org/polyfrost/oneconfig/internal/compat/SkyblockerWidgetCompat.kt	ReConfig by duv14 incorporates OneConfig by Polyfrost and contributors.	Original file notices and third-party rights preserved; see LICENSE-RECONFIG.txt / THIRD_PARTY_NOTICES.md
minecraft/src/main/kotlin/org/polyfrost/oneconfig/internal/compat/StellaCompat.kt	ReConfig by duv14 incorporates OneConfig by Polyfrost and contributors.	Original file notices and third-party rights preserved; see LICENSE-RECONFIG.txt / THIRD_PARTY_NOTICES.md
minecraft/src/main/kotlin/org/polyfrost/oneconfig/internal/compat/Tr7zwConfigCompat.kt	ReConfig by duv14 incorporates OneConfig by Polyfrost and contributors.	Original file notices and third-party rights preserved; see LICENSE-RECONFIG.txt / THIRD_PARTY_NOTICES.md
minecraft/src/main/kotlin/org/polyfrost/oneconfig/internal/compat/WWaypointsBridge.kt	ReConfig by duv14 incorporates OneConfig by Polyfrost and contributors.	Original file notices and third-party rights preserved; see LICENSE-RECONFIG.txt / THIRD_PARTY_NOTICES.md
minecraft/src/main/kotlin/org/polyfrost/oneconfig/internal/compat/WWaypointsCompat.kt	ReConfig by duv14 incorporates OneConfig by Polyfrost and contributors.	Original file notices and third-party rights preserved; see LICENSE-RECONFIG.txt / THIRD_PARTY_NOTICES.md
minecraft/src/main/kotlin/org/polyfrost/oneconfig/internal/compat/WalksyLibCompat.kt	ReConfig by duv14 incorporates OneConfig by Polyfrost and contributors.	Original file notices and third-party rights preserved; see LICENSE-RECONFIG.txt / THIRD_PARTY_NOTICES.md
minecraft/src/main/kotlin/org/polyfrost/oneconfig/internal/compat/YACLCompat.kt	ReConfig by duv14 incorporates OneConfig by Polyfrost and contributors.	Original file notices and third-party rights preserved; see LICENSE-RECONFIG.txt / THIRD_PARTY_NOTICES.md
minecraft/src/main/kotlin/org/polyfrost/oneconfig/internal/reconfig/ModuleAccess.kt	ReConfig by duv14 incorporates OneConfig by Polyfrost and contributors.	Original file notices and third-party rights preserved; see LICENSE-RECONFIG.txt / THIRD_PARTY_NOTICES.md
minecraft/src/main/kotlin/org/polyfrost/oneconfig/internal/reconfig/ReConfigModuleRuntime.kt	ReConfig by duv14 incorporates OneConfig by Polyfrost and contributors.	Original file notices and third-party rights preserved; see LICENSE-RECONFIG.txt / THIRD_PARTY_NOTICES.md
minecraft/src/main/kotlin/org/polyfrost/oneconfig/internal/reconfig/ReConfigSocialBootstrap.kt	ReConfig by duv14 incorporates OneConfig by Polyfrost and contributors.	Original file notices and third-party rights preserved; see LICENSE-RECONFIG.txt / THIRD_PARTY_NOTICES.md
minecraft/src/main/kotlin/org/polyfrost/oneconfig/internal/reconfig/modules/AutoTextController.kt	ReConfig by duv14 incorporates OneConfig by Polyfrost and contributors.	Original file notices and third-party rights preserved; see LICENSE-RECONFIG.txt / THIRD_PARTY_NOTICES.md
minecraft/src/main/kotlin/org/polyfrost/oneconfig/internal/reconfig/modules/ModuleHuds.kt	ReConfig by duv14 incorporates OneConfig by Polyfrost and contributors.	Original file notices and third-party rights preserved; see LICENSE-RECONFIG.txt / THIRD_PARTY_NOTICES.md
minecraft/src/main/kotlin/org/polyfrost/oneconfig/internal/reconfig/modules/MotionBlur.kt	ReConfig by duv14 incorporates OneConfig by Polyfrost and contributors.	Original file notices and third-party rights preserved; see LICENSE-RECONFIG.txt / THIRD_PARTY_NOTICES.md
minecraft/src/main/kotlin/org/polyfrost/oneconfig/internal/reconfig/modules/VisualModuleHuds.kt	ReConfig by duv14 incorporates OneConfig by Polyfrost and contributors.	Original file notices and third-party rights preserved; see LICENSE-RECONFIG.txt / THIRD_PARTY_NOTICES.md
minecraft/src/main/kotlin/org/polyfrost/oneconfig/internal/reconfig/modules/WaypointRuntime.kt	ReConfig by duv14 incorporates OneConfig by Polyfrost and contributors.	Original file notices and third-party rights preserved; see LICENSE-RECONFIG.txt / THIRD_PARTY_NOTICES.md
minecraft/src/main/kotlin/org/polyfrost/oneconfig/internal/ui/PlayerHeadLoader.kt	ReConfig by duv14 incorporates OneConfig by Polyfrost and contributors.	Original file notices and third-party rights preserved; see LICENSE-RECONFIG.txt / THIRD_PARTY_NOTICES.md
minecraft/src/main/kotlin/org/polyfrost/oneconfig/internal/ui/RenderTargetFbo.kt	ReConfig by duv14 incorporates OneConfig by Polyfrost and contributors.	Original file notices and third-party rights preserved; see LICENSE-RECONFIG.txt / THIRD_PARTY_NOTICES.md
minecraft/src/main/kotlin/org/polyfrost/oneconfig/internal/ui/SkiaOffscreenTarget.kt	ReConfig by duv14 incorporates OneConfig by Polyfrost and contributors.	Original file notices and third-party rights preserved; see LICENSE-RECONFIG.txt / THIRD_PARTY_NOTICES.md
minecraft/src/main/kotlin/org/polyfrost/oneconfig/internal/ui/components/item/MinecraftItemCatalogService.kt	ReConfig by duv14 incorporates OneConfig by Polyfrost and contributors.	Original file notices and third-party rights preserved; see LICENSE-RECONFIG.txt / THIRD_PARTY_NOTICES.md
minecraft/src/main/kotlin/org/polyfrost/oneconfig/internal/ui/compose/BlurRenderer.kt	ReConfig by duv14 incorporates OneConfig by Polyfrost and contributors.	Original file notices and third-party rights preserved; see LICENSE-RECONFIG.txt / THIRD_PARTY_NOTICES.md
minecraft/src/main/kotlin/org/polyfrost/oneconfig/internal/ui/compose/ComposePreloader.kt	ReConfig by duv14 incorporates OneConfig by Polyfrost and contributors.	Original file notices and third-party rights preserved; see LICENSE-RECONFIG.txt / THIRD_PARTY_NOTICES.md
minecraft/src/main/kotlin/org/polyfrost/oneconfig/internal/ui/compose/ComposeSceneContextImpl.kt	ReConfig by duv14 incorporates OneConfig by Polyfrost and contributors.	Original file notices and third-party rights preserved; see LICENSE-RECONFIG.txt / THIRD_PARTY_NOTICES.md
minecraft/src/main/kotlin/org/polyfrost/oneconfig/internal/ui/compose/ComposeScreen.kt	ReConfig by duv14 incorporates OneConfig by Polyfrost and contributors.	Original file notices and third-party rights preserved; see LICENSE-RECONFIG.txt / THIRD_PARTY_NOTICES.md
minecraft/src/main/kotlin/org/polyfrost/oneconfig/internal/ui/compose/ComposeSupport.kt	ReConfig by duv14 incorporates OneConfig by Polyfrost and contributors.	Original file notices and third-party rights preserved; see LICENSE-RECONFIG.txt / THIRD_PARTY_NOTICES.md
minecraft/src/main/kotlin/org/polyfrost/oneconfig/internal/ui/compose/GpuProfiler.kt	ReConfig by duv14 incorporates OneConfig by Polyfrost and contributors.	Original file notices and third-party rights preserved; see LICENSE-RECONFIG.txt / THIRD_PARTY_NOTICES.md
minecraft/src/main/kotlin/org/polyfrost/oneconfig/internal/ui/compose/McFontService.kt	ReConfig by duv14 incorporates OneConfig by Polyfrost and contributors.	Original file notices and third-party rights preserved; see LICENSE-RECONFIG.txt / THIRD_PARTY_NOTICES.md
minecraft/src/main/kotlin/org/polyfrost/oneconfig/internal/ui/compose/SkiaCtx.kt	ReConfig by duv14 incorporates OneConfig by Polyfrost and contributors.	Original file notices and third-party rights preserved; see LICENSE-RECONFIG.txt / THIRD_PARTY_NOTICES.md
minecraft/src/main/kotlin/org/polyfrost/oneconfig/internal/ui/compose/SkiaFontRenderer.kt	ReConfig by duv14 incorporates OneConfig by Polyfrost and contributors.	Original file notices and third-party rights preserved; see LICENSE-RECONFIG.txt / THIRD_PARTY_NOTICES.md
minecraft/src/main/kotlin/org/polyfrost/oneconfig/internal/ui/compose/impls/HudEditorUIScreen.kt	ReConfig by duv14 incorporates OneConfig by Polyfrost and contributors.	Original file notices and third-party rights preserved; see LICENSE-RECONFIG.txt / THIRD_PARTY_NOTICES.md
minecraft/src/main/kotlin/org/polyfrost/oneconfig/internal/ui/compose/impls/OneConfigUIScreen.kt	ReConfig by duv14 incorporates OneConfig by Polyfrost and contributors.	Original file notices and third-party rights preserved; see LICENSE-RECONFIG.txt / THIRD_PARTY_NOTICES.md
minecraft/src/main/kotlin/org/polyfrost/oneconfig/internal/ui/compose/opengl/StoredGLState.kt	ReConfig by duv14 incorporates OneConfig by Polyfrost and contributors.	Original file notices and third-party rights preserved; see LICENSE-RECONFIG.txt / THIRD_PARTY_NOTICES.md
minecraft/src/main/kotlin/org/polyfrost/oneconfig/internal/ui/compose/opengl/StoredGLStateProps.kt	ReConfig by duv14 incorporates OneConfig by Polyfrost and contributors.	Original file notices and third-party rights preserved; see LICENSE-RECONFIG.txt / THIRD_PARTY_NOTICES.md
minecraft/src/main/kotlin/org/polyfrost/oneconfig/internal/ui/hud/CompatOverlayRenderer.kt	ReConfig by duv14 incorporates OneConfig by Polyfrost and contributors.	Original file notices and third-party rights preserved; see LICENSE-RECONFIG.txt / THIRD_PARTY_NOTICES.md
minecraft/src/main/kotlin/org/polyfrost/oneconfig/internal/ui/hud/DebugOverlayOffscreen.kt	ReConfig by duv14 incorporates OneConfig by Polyfrost and contributors.	Original file notices and third-party rights preserved; see LICENSE-RECONFIG.txt / THIRD_PARTY_NOTICES.md
minecraft/src/main/kotlin/org/polyfrost/oneconfig/internal/ui/hud/GuiTargetRedirect.kt	ReConfig by duv14 incorporates OneConfig by Polyfrost and contributors.	Original file notices and third-party rights preserved; see LICENSE-RECONFIG.txt / THIRD_PARTY_NOTICES.md
minecraft/src/main/kotlin/org/polyfrost/oneconfig/internal/ui/hud/LegacyHudOffscreen.kt	ReConfig by duv14 incorporates OneConfig by Polyfrost and contributors.	Original file notices and third-party rights preserved; see LICENSE-RECONFIG.txt / THIRD_PARTY_NOTICES.md
minecraft/src/main/kotlin/org/polyfrost/oneconfig/internal/ui/hud/LegacyHudRenderer.kt	ReConfig by duv14 incorporates OneConfig by Polyfrost and contributors.	Original file notices and third-party rights preserved; see LICENSE-RECONFIG.txt / THIRD_PARTY_NOTICES.md
minecraft/src/main/kotlin/org/polyfrost/oneconfig/internal/ui/keybind/MinecraftKeybindModeTransitions.kt	ReConfig by duv14 incorporates OneConfig by Polyfrost and contributors.	Original file notices and third-party rights preserved; see LICENSE-RECONFIG.txt / THIRD_PARTY_NOTICES.md
minecraft/src/main/kotlin/org/polyfrost/oneconfig/internal/ui/keybind/MinecraftKeybindProfiles.kt	ReConfig by duv14 incorporates OneConfig by Polyfrost and contributors.	Original file notices and third-party rights preserved; see LICENSE-RECONFIG.txt / THIRD_PARTY_NOTICES.md
minecraft/src/main/kotlin/org/polyfrost/oneconfig/internal/ui/keybind/MinecraftKeybindProvider.kt	ReConfig by duv14 incorporates OneConfig by Polyfrost and contributors.	Original file notices and third-party rights preserved; see LICENSE-RECONFIG.txt / THIRD_PARTY_NOTICES.md
minecraft/src/main/kotlin/org/polyfrost/oneconfig/internal/ui/services/CinnabarVulkanService.kt	ReConfig by duv14 incorporates OneConfig by Polyfrost and contributors.	Original file notices and third-party rights preserved; see LICENSE-RECONFIG.txt / THIRD_PARTY_NOTICES.md
minecraft/src/main/kotlin/org/polyfrost/oneconfig/internal/ui/services/GLInterfaceFactory.kt	ReConfig by duv14 incorporates OneConfig by Polyfrost and contributors.	Original file notices and third-party rights preserved; see LICENSE-RECONFIG.txt / THIRD_PARTY_NOTICES.md
minecraft/src/main/kotlin/org/polyfrost/oneconfig/internal/ui/services/GLVulkanService.kt	ReConfig by duv14 incorporates OneConfig by Polyfrost and contributors.	Original file notices and third-party rights preserved; see LICENSE-RECONFIG.txt / THIRD_PARTY_NOTICES.md
minecraft/src/main/kotlin/org/polyfrost/oneconfig/internal/ui/services/NativeVulkanService.kt	ReConfig by duv14 incorporates OneConfig by Polyfrost and contributors.	Original file notices and third-party rights preserved; see LICENSE-RECONFIG.txt / THIRD_PARTY_NOTICES.md
minecraft/src/main/kotlin/org/polyfrost/oneconfig/internal/ui/services/VulkanModVulkanService.kt	ReConfig by duv14 incorporates OneConfig by Polyfrost and contributors.	Original file notices and third-party rights preserved; see LICENSE-RECONFIG.txt / THIRD_PARTY_NOTICES.md
minecraft/src/main/kotlin/org/polyfrost/oneconfig/internal/ui/services/VulkanService.kt	ReConfig by duv14 incorporates OneConfig by Polyfrost and contributors.	Original file notices and third-party rights preserved; see LICENSE-RECONFIG.txt / THIRD_PARTY_NOTICES.md
minecraft/src/main/kotlin/org/polyfrost/oneconfig/internal/ui/sound/ExternalSounds.kt	ReConfig by duv14 incorporates OneConfig by Polyfrost and contributors.	Original file notices and third-party rights preserved; see LICENSE-RECONFIG.txt / THIRD_PARTY_NOTICES.md
minecraft/src/main/kotlin/org/polyfrost/oneconfig/internal/ui/sound/McUiSoundService.kt	ReConfig by duv14 incorporates OneConfig by Polyfrost and contributors.	Original file notices and third-party rights preserved; see LICENSE-RECONFIG.txt / THIRD_PARTY_NOTICES.md
minecraft/src/main/kotlin/org/polyfrost/oneconfig/internal/ui/sound/UiSoundDucking.kt	ReConfig by duv14 incorporates OneConfig by Polyfrost and contributors.	Original file notices and third-party rights preserved; see LICENSE-RECONFIG.txt / THIRD_PARTY_NOTICES.md
minecraft/src/main/kotlin/org/polyfrost/oneconfig/test/TestItemHud_Test.kt	ReConfig by duv14 incorporates OneConfig by Polyfrost and contributors.	Original file notices and third-party rights preserved; see LICENSE-RECONFIG.txt / THIRD_PARTY_NOTICES.md
minecraft/src/main/kotlin/org/polyfrost/oneconfig/test/TestKtConfig.kt	ReConfig by duv14 incorporates OneConfig by Polyfrost and contributors.	Original file notices and third-party rights preserved; see LICENSE-RECONFIG.txt / THIRD_PARTY_NOTICES.md
minecraft/src/main/kotlin/org/polyfrost/oneconfig/utils/v1/dsl/mc.kt	ReConfig by duv14 incorporates OneConfig by Polyfrost and contributors.	Original file notices and third-party rights preserved; see LICENSE-RECONFIG.txt / THIRD_PARTY_NOTICES.md
minecraft/src/main/kotlin/org/polyfrost/oneconfig/utils/v1/dsl/screens.kt	ReConfig by duv14 incorporates OneConfig by Polyfrost and contributors.	Original file notices and third-party rights preserved; see LICENSE-RECONFIG.txt / THIRD_PARTY_NOTICES.md
minecraft/src/main/resources/META-INF/mods.toml	ReConfig by duv14 incorporates OneConfig by Polyfrost and contributors.	Original file notices and third-party rights preserved; see LICENSE-RECONFIG.txt / THIRD_PARTY_NOTICES.md
minecraft/src/main/resources/META-INF/services/org.polyfrost.oneconfig.api.hypixel.v1.internal.HypixelApiInternals	ReConfig by duv14 incorporates OneConfig by Polyfrost and contributors.	Original file notices and third-party rights preserved; see LICENSE-RECONFIG.txt / THIRD_PARTY_NOTICES.md
minecraft/src/main/resources/META-INF/services/org.polyfrost.oneconfig.api.platform.v1.CompatibilityPlatform	ReConfig by duv14 incorporates OneConfig by Polyfrost and contributors.	Original file notices and third-party rights preserved; see LICENSE-RECONFIG.txt / THIRD_PARTY_NOTICES.md
minecraft/src/main/resources/META-INF/services/org.polyfrost.oneconfig.api.platform.v1.I18nPlatform	ReConfig by duv14 incorporates OneConfig by Polyfrost and contributors.	Original file notices and third-party rights preserved; see LICENSE-RECONFIG.txt / THIRD_PARTY_NOTICES.md
minecraft/src/main/resources/META-INF/services/org.polyfrost.oneconfig.api.platform.v1.LoaderPlatform	ReConfig by duv14 incorporates OneConfig by Polyfrost and contributors.	Original file notices and third-party rights preserved; see LICENSE-RECONFIG.txt / THIRD_PARTY_NOTICES.md
minecraft/src/main/resources/META-INF/services/org.polyfrost.oneconfig.api.platform.v1.ScreenPlatform	ReConfig by duv14 incorporates OneConfig by Polyfrost and contributors.	Original file notices and third-party rights preserved; see LICENSE-RECONFIG.txt / THIRD_PARTY_NOTICES.md
minecraft/src/main/resources/META-INF/services/org.polyfrost.oneconfig.api.ui.v1.OneConfigUIBridge	ReConfig by duv14 incorporates OneConfig by Polyfrost and contributors.	Original file notices and third-party rights preserved; see LICENSE-RECONFIG.txt / THIRD_PARTY_NOTICES.md
minecraft/src/main/resources/META-INF/services/org.polyfrost.oneconfig.api.ui.v1.keybind.MinecraftKeybindBridge	ReConfig by duv14 incorporates OneConfig by Polyfrost and contributors.	Original file notices and third-party rights preserved; see LICENSE-RECONFIG.txt / THIRD_PARTY_NOTICES.md
minecraft/src/main/resources/META-INF/services/org.polyfrost.oneconfig.internal.ui.components.item.ItemCatalogService	ReConfig by duv14 incorporates OneConfig by Polyfrost and contributors.	Original file notices and third-party rights preserved; see LICENSE-RECONFIG.txt / THIRD_PARTY_NOTICES.md
minecraft/src/main/resources/META-INF/services/org.polyfrost.oneconfig.internal.ui.sound.UiSoundService	ReConfig by duv14 incorporates OneConfig by Polyfrost and contributors.	Original file notices and third-party rights preserved; see LICENSE-RECONFIG.txt / THIRD_PARTY_NOTICES.md
minecraft/src/main/resources/assets/minecraft/shaders/post/fade_in_blur.json	ReConfig by duv14 incorporates OneConfig by Polyfrost and contributors.	Original file notices and third-party rights preserved; see LICENSE-RECONFIG.txt / THIRD_PARTY_NOTICES.md
minecraft/src/main/resources/assets/minecraft/shaders/program/fade_in_blur.fsh	ReConfig by duv14 incorporates OneConfig by Polyfrost and contributors.	Original file notices and third-party rights preserved; see LICENSE-RECONFIG.txt / THIRD_PARTY_NOTICES.md
minecraft/src/main/resources/assets/minecraft/shaders/program/fade_in_blur.json	ReConfig by duv14 incorporates OneConfig by Polyfrost and contributors.	Original file notices and third-party rights preserved; see LICENSE-RECONFIG.txt / THIRD_PARTY_NOTICES.md
minecraft/src/main/resources/assets/oneconfig/lang/en_us.json	ReConfig by duv14 incorporates OneConfig by Polyfrost and contributors.	Original file notices and third-party rights preserved; see LICENSE-RECONFIG.txt / THIRD_PARTY_NOTICES.md
minecraft/src/main/resources/assets/oneconfig/sounds.json	ReConfig by duv14 incorporates OneConfig by Polyfrost and contributors.	Original file notices and third-party rights preserved; see LICENSE-RECONFIG.txt / THIRD_PARTY_NOTICES.md
minecraft/src/main/resources/assets/oneconfig/sounds/external_sounds.json	ReConfig by duv14 incorporates OneConfig by Polyfrost and contributors.	Original file notices and third-party rights preserved; see LICENSE-RECONFIG.txt / THIRD_PARTY_NOTICES.md
minecraft/src/main/resources/assets/oneconfig/sounds/ui/click.ogg	ReConfig by duv14 incorporates OneConfig by Polyfrost and contributors.	Original file notices and third-party rights preserved; see LICENSE-RECONFIG.txt / THIRD_PARTY_NOTICES.md
minecraft/src/main/resources/assets/oneconfig/sounds/ui/close.ogg	ReConfig by duv14 incorporates OneConfig by Polyfrost and contributors.	Original file notices and third-party rights preserved; see LICENSE-RECONFIG.txt / THIRD_PARTY_NOTICES.md
minecraft/src/main/resources/assets/oneconfig/sounds/ui/open.ogg	ReConfig by duv14 incorporates OneConfig by Polyfrost and contributors.	Original file notices and third-party rights preserved; see LICENSE-RECONFIG.txt / THIRD_PARTY_NOTICES.md
minecraft/src/main/resources/assets/oneconfig/sounds/ui/slider.ogg	ReConfig by duv14 incorporates OneConfig by Polyfrost and contributors.	Original file notices and third-party rights preserved; see LICENSE-RECONFIG.txt / THIRD_PARTY_NOTICES.md
minecraft/src/main/resources/assets/reconfig/sounds.json	ReConfig by duv14 incorporates OneConfig by Polyfrost and contributors.	Original file notices and third-party rights preserved; see LICENSE-RECONFIG.txt / THIRD_PARTY_NOTICES.md
minecraft/src/main/resources/assets/reconfig/sounds/gameplay/eating.ogg	ReConfig by duv14 incorporates OneConfig by Polyfrost and contributors.	Original file notices and third-party rights preserved; see LICENSE-RECONFIG.txt / THIRD_PARTY_NOTICES.md
minecraft/src/main/resources/assets/reconfig/sounds/gameplay/hits_1.ogg	ReConfig by duv14 incorporates OneConfig by Polyfrost and contributors.	Original file notices and third-party rights preserved; see LICENSE-RECONFIG.txt / THIRD_PARTY_NOTICES.md
minecraft/src/main/resources/assets/reconfig/sounds/gameplay/hits_2.ogg	ReConfig by duv14 incorporates OneConfig by Polyfrost and contributors.	Original file notices and third-party rights preserved; see LICENSE-RECONFIG.txt / THIRD_PARTY_NOTICES.md
minecraft/src/main/resources/assets/reconfig/sounds/gameplay/hits_3.ogg	ReConfig by duv14 incorporates OneConfig by Polyfrost and contributors.	Original file notices and third-party rights preserved; see LICENSE-RECONFIG.txt / THIRD_PARTY_NOTICES.md
minecraft/src/main/resources/assets/reconfig/sounds/gameplay/mace_hits.ogg	ReConfig by duv14 incorporates OneConfig by Polyfrost and contributors.	Original file notices and third-party rights preserved; see LICENSE-RECONFIG.txt / THIRD_PARTY_NOTICES.md
minecraft/src/main/resources/assets/reconfig/sounds/gameplay/shield_break.ogg	ReConfig by duv14 incorporates OneConfig by Polyfrost and contributors.	Original file notices and third-party rights preserved; see LICENSE-RECONFIG.txt / THIRD_PARTY_NOTICES.md
minecraft/src/main/resources/assets/reconfig/sounds/gameplay/wind_charges.ogg	ReConfig by duv14 incorporates OneConfig by Polyfrost and contributors.	Original file notices and third-party rights preserved; see LICENSE-RECONFIG.txt / THIRD_PARTY_NOTICES.md
minecraft/src/main/resources/fabric.mod.json	ReConfig by duv14 incorporates OneConfig by Polyfrost and contributors.	Original file notices and third-party rights preserved; see LICENSE-RECONFIG.txt / THIRD_PARTY_NOTICES.md
minecraft/src/main/resources/mcmod.info	ReConfig by duv14 incorporates OneConfig by Polyfrost and contributors.	Original file notices and third-party rights preserved; see LICENSE-RECONFIG.txt / THIRD_PARTY_NOTICES.md
minecraft/src/main/resources/mixins.oneconfigv1.init.json	ReConfig by duv14 incorporates OneConfig by Polyfrost and contributors.	Original file notices and third-party rights preserved; see LICENSE-RECONFIG.txt / THIRD_PARTY_NOTICES.md
minecraft/src/main/resources/mixins.oneconfigv1.json	ReConfig by duv14 incorporates OneConfig by Polyfrost and contributors.	Original file notices and third-party rights preserved; see LICENSE-RECONFIG.txt / THIRD_PARTY_NOTICES.md
minecraft/src/main/resources/pack.mcmeta	ReConfig by duv14 incorporates OneConfig by Polyfrost and contributors.	Original file notices and third-party rights preserved; see LICENSE-RECONFIG.txt / THIRD_PARTY_NOTICES.md
minecraft/src/main/resources/patched-lwjgl/README	ReConfig by duv14 incorporates OneConfig by Polyfrost and contributors.	Original file notices and third-party rights preserved; see LICENSE-RECONFIG.txt / THIRD_PARTY_NOTICES.md
minecraft/src/main/resources/patched-lwjgl/liblwjgl.dylib	ReConfig by duv14 incorporates OneConfig by Polyfrost and contributors.	Original file notices and third-party rights preserved; see LICENSE-RECONFIG.txt / THIRD_PARTY_NOTICES.md
minecraft/src/modMenuShim/java/com/terraformersmc/modmenu/api/ConfigScreenFactory.java	ReConfig by duv14 incorporates OneConfig by Polyfrost and contributors.	Original file notices and third-party rights preserved; see LICENSE-RECONFIG.txt / THIRD_PARTY_NOTICES.md
minecraft/src/modMenuShim/java/com/terraformersmc/modmenu/api/ModMenuApi.java	ReConfig by duv14 incorporates OneConfig by Polyfrost and contributors.	Original file notices and third-party rights preserved; see LICENSE-RECONFIG.txt / THIRD_PARTY_NOTICES.md
minecraft/src/modMenuShim/java/com/terraformersmc/modmenu/api/UpdateChannel.java	ReConfig by duv14 incorporates OneConfig by Polyfrost and contributors.	Original file notices and third-party rights preserved; see LICENSE-RECONFIG.txt / THIRD_PARTY_NOTICES.md
minecraft/src/modMenuShim/java/com/terraformersmc/modmenu/api/UpdateChecker.java	ReConfig by duv14 incorporates OneConfig by Polyfrost and contributors.	Original file notices and third-party rights preserved; see LICENSE-RECONFIG.txt / THIRD_PARTY_NOTICES.md
minecraft/src/modMenuShim/java/com/terraformersmc/modmenu/api/UpdateInfo.java	ReConfig by duv14 incorporates OneConfig by Polyfrost and contributors.	Original file notices and third-party rights preserved; see LICENSE-RECONFIG.txt / THIRD_PARTY_NOTICES.md
minecraft/src/modMenuShim/java/org/polyfrost/oneconfig/internal/compat/ModMenuApiCompat.java	ReConfig by duv14 incorporates OneConfig by Polyfrost and contributors.	Original file notices and third-party rights preserved; see LICENSE-RECONFIG.txt / THIRD_PARTY_NOTICES.md
minecraft/src/test/java/org/polyfrost/oneconfig/internal/reconfig/modules/HudCountersTest.java	ReConfig by duv14 incorporates OneConfig by Polyfrost and contributors.	Original file notices and third-party rights preserved; see LICENSE-RECONFIG.txt / THIRD_PARTY_NOTICES.md
minecraft/src/test/java/org/polyfrost/oneconfig/test/mixin/MixinAuditErrorCollector.java	ReConfig by duv14 incorporates OneConfig by Polyfrost and contributors.	Original file notices and third-party rights preserved; see LICENSE-RECONFIG.txt / THIRD_PARTY_NOTICES.md
minecraft/src/test/java/org/polyfrost/oneconfig/test/mixin/MixinAuditTest.java	ReConfig by duv14 incorporates OneConfig by Polyfrost and contributors.	Original file notices and third-party rights preserved; see LICENSE-RECONFIG.txt / THIRD_PARTY_NOTICES.md
minecraft/src/test/java/org/polyfrost/oneconfig/test/mixin/MixinTargetScanner.java	ReConfig by duv14 incorporates OneConfig by Polyfrost and contributors.	Original file notices and third-party rights preserved; see LICENSE-RECONFIG.txt / THIRD_PARTY_NOTICES.md
minecraft/src/test/kotlin/org/polyfrost/oneconfig/internal/ui/keybind/MinecraftKeybindModeTransitionsTest.kt	ReConfig by duv14 incorporates OneConfig by Polyfrost and contributors.	Original file notices and third-party rights preserved; see LICENSE-RECONFIG.txt / THIRD_PARTY_NOTICES.md
minecraft/stonecutter.gradle.kts	ReConfig by duv14 incorporates OneConfig by Polyfrost and contributors.	Original file notices and third-party rights preserved; see LICENSE-RECONFIG.txt / THIRD_PARTY_NOTICES.md
modules/README.md	ReConfig by duv14 incorporates OneConfig by Polyfrost and contributors.	Original file notices and third-party rights preserved; see LICENSE-RECONFIG.txt / THIRD_PARTY_NOTICES.md
modules/commands/README.md	ReConfig by duv14 incorporates OneConfig by Polyfrost and contributors.	Original file notices and third-party rights preserved; see LICENSE-RECONFIG.txt / THIRD_PARTY_NOTICES.md
modules/commands/api/commands.api	ReConfig by duv14 incorporates OneConfig by Polyfrost and contributors.	Original file notices and third-party rights preserved; see LICENSE-RECONFIG.txt / THIRD_PARTY_NOTICES.md
modules/commands/build.gradle.kts	ReConfig by duv14 incorporates OneConfig by Polyfrost and contributors.	Original file notices and third-party rights preserved; see LICENSE-RECONFIG.txt / THIRD_PARTY_NOTICES.md
modules/commands/src/test/java/org/polyfrost/oneconfig/api/commands/v1/AnnotationTest.java	ReConfig by duv14 incorporates OneConfig by Polyfrost and contributors.	Original file notices and third-party rights preserved; see LICENSE-RECONFIG.txt / THIRD_PARTY_NOTICES.md
modules/commands/src/test/java/org/polyfrost/oneconfig/api/commands/v1/factories/builder/BuilderTest.java	ReConfig by duv14 incorporates OneConfig by Polyfrost and contributors.	Original file notices and third-party rights preserved; see LICENSE-RECONFIG.txt / THIRD_PARTY_NOTICES.md
modules/commands/src/test/kotlin/DSLTest.kt	ReConfig by duv14 incorporates OneConfig by Polyfrost and contributors.	Original file notices and third-party rights preserved; see LICENSE-RECONFIG.txt / THIRD_PARTY_NOTICES.md
modules/compose-bundle/LICENSE	ReConfig by duv14 incorporates OneConfig by Polyfrost and contributors.	Original file notices and third-party rights preserved; see LICENSE-RECONFIG.txt / THIRD_PARTY_NOTICES.md
modules/compose-bundle/build.gradle.kts	ReConfig by duv14 incorporates OneConfig by Polyfrost and contributors.	Original file notices and third-party rights preserved; see LICENSE-RECONFIG.txt / THIRD_PARTY_NOTICES.md
modules/compose-bundle/src/main/resources/fabric.mod.json	ReConfig by duv14 incorporates OneConfig by Polyfrost and contributors.	Original file notices and third-party rights preserved; see LICENSE-RECONFIG.txt / THIRD_PARTY_NOTICES.md
modules/config-impl/.gitignore	ReConfig by duv14 incorporates OneConfig by Polyfrost and contributors.	Original file notices and third-party rights preserved; see LICENSE-RECONFIG.txt / THIRD_PARTY_NOTICES.md
modules/config-impl/README.md	ReConfig by duv14 incorporates OneConfig by Polyfrost and contributors.	Original file notices and third-party rights preserved; see LICENSE-RECONFIG.txt / THIRD_PARTY_NOTICES.md
modules/config-impl/api/config-impl.api	ReConfig by duv14 incorporates OneConfig by Polyfrost and contributors.	Original file notices and third-party rights preserved; see LICENSE-RECONFIG.txt / THIRD_PARTY_NOTICES.md
modules/config-impl/build.gradle.kts	ReConfig by duv14 incorporates OneConfig by Polyfrost and contributors.	Original file notices and third-party rights preserved; see LICENSE-RECONFIG.txt / THIRD_PARTY_NOTICES.md
modules/config-impl/config-to-migrate-for-test/test_migration_mod.json	ReConfig by duv14 incorporates OneConfig by Polyfrost and contributors.	Original file notices and third-party rights preserved; see LICENSE-RECONFIG.txt / THIRD_PARTY_NOTICES.md
modules/config-impl/src/j21Tests/kotlin/org/polyfrost/oneconfig/api/config/v1/KtConfigProfileRebindTest.kt	ReConfig by duv14 incorporates OneConfig by Polyfrost and contributors.	Original file notices and third-party rights preserved; see LICENSE-RECONFIG.txt / THIRD_PARTY_NOTICES.md
modules/config-impl/src/main/java/org/polyfrost/oneconfig/api/config/v1/CompatSnapshotStore.java	ReConfig by duv14 incorporates OneConfig by Polyfrost and contributors.	Original file notices and third-party rights preserved; see LICENSE-RECONFIG.txt / THIRD_PARTY_NOTICES.md
modules/config-impl/src/main/java/org/polyfrost/oneconfig/api/config/v1/CompatSnapshots.java	ReConfig by duv14 incorporates OneConfig by Polyfrost and contributors.	Original file notices and third-party rights preserved; see LICENSE-RECONFIG.txt / THIRD_PARTY_NOTICES.md
modules/config-impl/src/main/java/org/polyfrost/oneconfig/api/config/v1/Config.java	ReConfig by duv14 incorporates OneConfig by Polyfrost and contributors.	Original file notices and third-party rights preserved; see LICENSE-RECONFIG.txt / THIRD_PARTY_NOTICES.md
modules/config-impl/src/main/java/org/polyfrost/oneconfig/api/config/v1/ConfigManager.java	ReConfig by duv14 incorporates OneConfig by Polyfrost and contributors.	Original file notices and third-party rights preserved; see LICENSE-RECONFIG.txt / THIRD_PARTY_NOTICES.md
modules/config-impl/src/main/java/org/polyfrost/oneconfig/api/config/v1/annotations/Accordion.java	ReConfig by duv14 incorporates OneConfig by Polyfrost and contributors.	Original file notices and third-party rights preserved; see LICENSE-RECONFIG.txt / THIRD_PARTY_NOTICES.md
modules/config-impl/src/main/java/org/polyfrost/oneconfig/api/config/v1/annotations/Button.java	ReConfig by duv14 incorporates OneConfig by Polyfrost and contributors.	Original file notices and third-party rights preserved; see LICENSE-RECONFIG.txt / THIRD_PARTY_NOTICES.md
modules/config-impl/src/main/java/org/polyfrost/oneconfig/api/config/v1/annotations/Checkbox.java	ReConfig by duv14 incorporates OneConfig by Polyfrost and contributors.	Original file notices and third-party rights preserved; see LICENSE-RECONFIG.txt / THIRD_PARTY_NOTICES.md
modules/config-impl/src/main/java/org/polyfrost/oneconfig/api/config/v1/annotations/Color.java	ReConfig by duv14 incorporates OneConfig by Polyfrost and contributors.	Original file notices and third-party rights preserved; see LICENSE-RECONFIG.txt / THIRD_PARTY_NOTICES.md
modules/config-impl/src/main/java/org/polyfrost/oneconfig/api/config/v1/annotations/ColorList.java	ReConfig by duv14 incorporates OneConfig by Polyfrost and contributors.	Original file notices and third-party rights preserved; see LICENSE-RECONFIG.txt / THIRD_PARTY_NOTICES.md
modules/config-impl/src/main/java/org/polyfrost/oneconfig/api/config/v1/annotations/DependsOn.java	ReConfig by duv14 incorporates OneConfig by Polyfrost and contributors.	Original file notices and third-party rights preserved; see LICENSE-RECONFIG.txt / THIRD_PARTY_NOTICES.md
modules/config-impl/src/main/java/org/polyfrost/oneconfig/api/config/v1/annotations/DraggableList.java	ReConfig by duv14 incorporates OneConfig by Polyfrost and contributors.	Original file notices and third-party rights preserved; see LICENSE-RECONFIG.txt / THIRD_PARTY_NOTICES.md
modules/config-impl/src/main/java/org/polyfrost/oneconfig/api/config/v1/annotations/Dropdown.java	ReConfig by duv14 incorporates OneConfig by Polyfrost and contributors.	Original file notices and third-party rights preserved; see LICENSE-RECONFIG.txt / THIRD_PARTY_NOTICES.md
modules/config-impl/src/main/java/org/polyfrost/oneconfig/api/config/v1/annotations/File.java	ReConfig by duv14 incorporates OneConfig by Polyfrost and contributors.	Original file notices and third-party rights preserved; see LICENSE-RECONFIG.txt / THIRD_PARTY_NOTICES.md
modules/config-impl/src/main/java/org/polyfrost/oneconfig/api/config/v1/annotations/FileList.java	ReConfig by duv14 incorporates OneConfig by Polyfrost and contributors.	Original file notices and third-party rights preserved; see LICENSE-RECONFIG.txt / THIRD_PARTY_NOTICES.md
modules/config-impl/src/main/java/org/polyfrost/oneconfig/api/config/v1/annotations/Include.java	ReConfig by duv14 incorporates OneConfig by Polyfrost and contributors.	Original file notices and third-party rights preserved; see LICENSE-RECONFIG.txt / THIRD_PARTY_NOTICES.md
modules/config-impl/src/main/java/org/polyfrost/oneconfig/api/config/v1/annotations/Info.java	ReConfig by duv14 incorporates OneConfig by Polyfrost and contributors.	Original file notices and third-party rights preserved; see LICENSE-RECONFIG.txt / THIRD_PARTY_NOTICES.md
modules/config-impl/src/main/java/org/polyfrost/oneconfig/api/config/v1/annotations/ItemList.java	ReConfig by duv14 incorporates OneConfig by Polyfrost and contributors.	Original file notices and third-party rights preserved; see LICENSE-RECONFIG.txt / THIRD_PARTY_NOTICES.md
modules/config-impl/src/main/java/org/polyfrost/oneconfig/api/config/v1/annotations/Keybind.java	ReConfig by duv14 incorporates OneConfig by Polyfrost and contributors.	Original file notices and third-party rights preserved; see LICENSE-RECONFIG.txt / THIRD_PARTY_NOTICES.md
modules/config-impl/src/main/java/org/polyfrost/oneconfig/api/config/v1/annotations/MultiSelectDropdown.java	ReConfig by duv14 incorporates OneConfig by Polyfrost and contributors.	Original file notices and third-party rights preserved; see LICENSE-RECONFIG.txt / THIRD_PARTY_NOTICES.md
modules/config-impl/src/main/java/org/polyfrost/oneconfig/api/config/v1/annotations/Number.java	ReConfig by duv14 incorporates OneConfig by Polyfrost and contributors.	Original file notices and third-party rights preserved; see LICENSE-RECONFIG.txt / THIRD_PARTY_NOTICES.md
modules/config-impl/src/main/java/org/polyfrost/oneconfig/api/config/v1/annotations/NumberList.java	ReConfig by duv14 incorporates OneConfig by Polyfrost and contributors.	Original file notices and third-party rights preserved; see LICENSE-RECONFIG.txt / THIRD_PARTY_NOTICES.md
modules/config-impl/src/main/java/org/polyfrost/oneconfig/api/config/v1/annotations/Option.java	ReConfig by duv14 incorporates OneConfig by Polyfrost and contributors.	Original file notices and third-party rights preserved; see LICENSE-RECONFIG.txt / THIRD_PARTY_NOTICES.md
modules/config-impl/src/main/java/org/polyfrost/oneconfig/api/config/v1/annotations/PreviousNames.java	ReConfig by duv14 incorporates OneConfig by Polyfrost and contributors.	Original file notices and third-party rights preserved; see LICENSE-RECONFIG.txt / THIRD_PARTY_NOTICES.md
modules/config-impl/src/main/java/org/polyfrost/oneconfig/api/config/v1/annotations/RadioButton.java	ReConfig by duv14 incorporates OneConfig by Polyfrost and contributors.	Original file notices and third-party rights preserved; see LICENSE-RECONFIG.txt / THIRD_PARTY_NOTICES.md
modules/config-impl/src/main/java/org/polyfrost/oneconfig/api/config/v1/annotations/RangeSlider.java	ReConfig by duv14 incorporates OneConfig by Polyfrost and contributors.	Original file notices and third-party rights preserved; see LICENSE-RECONFIG.txt / THIRD_PARTY_NOTICES.md
modules/config-impl/src/main/java/org/polyfrost/oneconfig/api/config/v1/annotations/Slider.java	ReConfig by duv14 incorporates OneConfig by Polyfrost and contributors.	Original file notices and third-party rights preserved; see LICENSE-RECONFIG.txt / THIRD_PARTY_NOTICES.md
modules/config-impl/src/main/java/org/polyfrost/oneconfig/api/config/v1/annotations/SliderList.java	ReConfig by duv14 incorporates OneConfig by Polyfrost and contributors.	Original file notices and third-party rights preserved; see LICENSE-RECONFIG.txt / THIRD_PARTY_NOTICES.md
modules/config-impl/src/main/java/org/polyfrost/oneconfig/api/config/v1/annotations/Switch.java	ReConfig by duv14 incorporates OneConfig by Polyfrost and contributors.	Original file notices and third-party rights preserved; see LICENSE-RECONFIG.txt / THIRD_PARTY_NOTICES.md
modules/config-impl/src/main/java/org/polyfrost/oneconfig/api/config/v1/annotations/Text.java	ReConfig by duv14 incorporates OneConfig by Polyfrost and contributors.	Original file notices and third-party rights preserved; see LICENSE-RECONFIG.txt / THIRD_PARTY_NOTICES.md
modules/config-impl/src/main/java/org/polyfrost/oneconfig/api/config/v1/annotations/TextList.java	ReConfig by duv14 incorporates OneConfig by Polyfrost and contributors.	Original file notices and third-party rights preserved; see LICENSE-RECONFIG.txt / THIRD_PARTY_NOTICES.md
modules/config-impl/src/main/java/org/polyfrost/oneconfig/api/config/v1/annotations/TranslatedDefault.java	ReConfig by duv14 incorporates OneConfig by Polyfrost and contributors.	Original file notices and third-party rights preserved; see LICENSE-RECONFIG.txt / THIRD_PARTY_NOTICES.md
modules/config-impl/src/main/java/org/polyfrost/oneconfig/api/config/v1/backend/impl/FileBackend.java	ReConfig by duv14 incorporates OneConfig by Polyfrost and contributors.	Original file notices and third-party rights preserved; see LICENSE-RECONFIG.txt / THIRD_PARTY_NOTICES.md
modules/config-impl/src/main/java/org/polyfrost/oneconfig/api/config/v1/collect/impl/OneConfigCollector.java	ReConfig by duv14 incorporates OneConfig by Polyfrost and contributors.	Original file notices and third-party rights preserved; see LICENSE-RECONFIG.txt / THIRD_PARTY_NOTICES.md
modules/config-impl/src/main/java/org/polyfrost/oneconfig/api/config/v1/collect/impl/ReflectiveCollector.java	ReConfig by duv14 incorporates OneConfig by Polyfrost and contributors.	Original file notices and third-party rights preserved; see LICENSE-RECONFIG.txt / THIRD_PARTY_NOTICES.md
modules/config-impl/src/main/java/org/polyfrost/oneconfig/api/config/v1/serialize/adapter/impl/PolyColorAdapter.java	ReConfig by duv14 incorporates OneConfig by Polyfrost and contributors.	Original file notices and third-party rights preserved; see LICENSE-RECONFIG.txt / THIRD_PARTY_NOTICES.md
modules/config-impl/src/main/java/org/polyfrost/oneconfig/api/config/v1/serialize/impl/FileSerializer.java	ReConfig by duv14 incorporates OneConfig by Polyfrost and contributors.	Original file notices and third-party rights preserved; see LICENSE-RECONFIG.txt / THIRD_PARTY_NOTICES.md
modules/config-impl/src/main/java/org/polyfrost/oneconfig/api/config/v1/serialize/impl/NightConfigSerializer.java	ReConfig by duv14 incorporates OneConfig by Polyfrost and contributors.	Original file notices and third-party rights preserved; see LICENSE-RECONFIG.txt / THIRD_PARTY_NOTICES.md
modules/config-impl/src/main/kotlin/org/polyfrost/oneconfig/api/config/v1/KtConfig.kt	ReConfig by duv14 incorporates OneConfig by Polyfrost and contributors.	Original file notices and third-party rights preserved; see LICENSE-RECONFIG.txt / THIRD_PARTY_NOTICES.md
modules/config-impl/src/main/kotlin/org/polyfrost/oneconfig/api/config/v1/Visualizer.kt	ReConfig by duv14 incorporates OneConfig by Polyfrost and contributors.	Original file notices and third-party rights preserved; see LICENSE-RECONFIG.txt / THIRD_PARTY_NOTICES.md
modules/config-impl/src/main/kotlin/org/polyfrost/oneconfig/api/config/v1/dsl/ConfigDSL.kt	ReConfig by duv14 incorporates OneConfig by Polyfrost and contributors.	Original file notices and third-party rights preserved; see LICENSE-RECONFIG.txt / THIRD_PARTY_NOTICES.md
modules/config-impl/src/main/kotlin/org/polyfrost/oneconfig/api/config/v1/dsl/tree_extensions.kt	ReConfig by duv14 incorporates OneConfig by Polyfrost and contributors.	Original file notices and third-party rights preserved; see LICENSE-RECONFIG.txt / THIRD_PARTY_NOTICES.md
modules/config-impl/src/main/kotlin/org/polyfrost/oneconfig/api/config/v1/internal/ConfigVisualizer.kt	ReConfig by duv14 incorporates OneConfig by Polyfrost and contributors.	Original file notices and third-party rights preserved; see LICENSE-RECONFIG.txt / THIRD_PARTY_NOTICES.md
modules/config-impl/src/test/java/org/polyfrost/oneconfig/api/config/v1/CompatBackendPersistenceTest.java	ReConfig by duv14 incorporates OneConfig by Polyfrost and contributors.	Original file notices and third-party rights preserved; see LICENSE-RECONFIG.txt / THIRD_PARTY_NOTICES.md
modules/config-impl/src/test/java/org/polyfrost/oneconfig/api/config/v1/CompatSnapshotStoreTest.java	ReConfig by duv14 incorporates OneConfig by Polyfrost and contributors.	Original file notices and third-party rights preserved; see LICENSE-RECONFIG.txt / THIRD_PARTY_NOTICES.md
modules/config-impl/src/test/java/org/polyfrost/oneconfig/api/config/v1/CompatSnapshotsTest.java	ReConfig by duv14 incorporates OneConfig by Polyfrost and contributors.	Original file notices and third-party rights preserved; see LICENSE-RECONFIG.txt / THIRD_PARTY_NOTICES.md
modules/config-impl/src/test/java/org/polyfrost/oneconfig/api/config/v1/CompatTreeRebuildTest.java	ReConfig by duv14 incorporates OneConfig by Polyfrost and contributors.	Original file notices and third-party rights preserved; see LICENSE-RECONFIG.txt / THIRD_PARTY_NOTICES.md
modules/config-impl/src/test/java/org/polyfrost/oneconfig/api/config/v1/ConfigResetOnCorruptTest.java	ReConfig by duv14 incorporates OneConfig by Polyfrost and contributors.	Original file notices and third-party rights preserved; see LICENSE-RECONFIG.txt / THIRD_PARTY_NOTICES.md
modules/config-impl/src/test/java/org/polyfrost/oneconfig/api/config/v1/CopyDefaultTest.java	ReConfig by duv14 incorporates OneConfig by Polyfrost and contributors.	Original file notices and third-party rights preserved; see LICENSE-RECONFIG.txt / THIRD_PARTY_NOTICES.md
modules/config-impl/src/test/java/org/polyfrost/oneconfig/api/config/v1/CorruptOptionLoadTest.java	ReConfig by duv14 incorporates OneConfig by Polyfrost and contributors.	Original file notices and third-party rights preserved; see LICENSE-RECONFIG.txt / THIRD_PARTY_NOTICES.md
modules/config-impl/src/test/java/org/polyfrost/oneconfig/api/config/v1/ItemListTest.java	ReConfig by duv14 incorporates OneConfig by Polyfrost and contributors.	Original file notices and third-party rights preserved; see LICENSE-RECONFIG.txt / THIRD_PARTY_NOTICES.md
modules/config-impl/src/test/java/org/polyfrost/oneconfig/api/config/v1/MainTest.java	ReConfig by duv14 incorporates OneConfig by Polyfrost and contributors.	Original file notices and third-party rights preserved; see LICENSE-RECONFIG.txt / THIRD_PARTY_NOTICES.md
modules/config-impl/src/test/java/org/polyfrost/oneconfig/api/config/v1/ProfileManagerTest.java	ReConfig by duv14 incorporates OneConfig by Polyfrost and contributors.	Original file notices and third-party rights preserved; see LICENSE-RECONFIG.txt / THIRD_PARTY_NOTICES.md
modules/config-impl/src/test/java/org/polyfrost/oneconfig/api/config/v1/SharedColorDefaultTest.java	ReConfig by duv14 incorporates OneConfig by Polyfrost and contributors.	Original file notices and third-party rights preserved; see LICENSE-RECONFIG.txt / THIRD_PARTY_NOTICES.md
modules/config-impl/src/test/java/org/polyfrost/oneconfig/api/config/v1/TestConfig.java	ReConfig by duv14 incorporates OneConfig by Polyfrost and contributors.	Original file notices and third-party rights preserved; see LICENSE-RECONFIG.txt / THIRD_PARTY_NOTICES.md
modules/config-impl/src/test/java/org/polyfrost/oneconfig/api/config/v1/Util.java	ReConfig by duv14 incorporates OneConfig by Polyfrost and contributors.	Original file notices and third-party rights preserved; see LICENSE-RECONFIG.txt / THIRD_PARTY_NOTICES.md
modules/config-impl/src/test/java/org/polyfrost/oneconfig/api/config/v1/backend/impl/file/FileBackendTest.java	ReConfig by duv14 incorporates OneConfig by Polyfrost and contributors.	Original file notices and third-party rights preserved; see LICENSE-RECONFIG.txt / THIRD_PARTY_NOTICES.md
modules/config-impl/src/test/java/org/polyfrost/oneconfig/api/config/v1/serialize/adapter/impl/PolyColorAdapterTest.java	ReConfig by duv14 incorporates OneConfig by Polyfrost and contributors.	Original file notices and third-party rights preserved; see LICENSE-RECONFIG.txt / THIRD_PARTY_NOTICES.md
modules/config-impl/src/test/kotlin/org/polyfrost/oneconfig/api/config/v1/KtConfigTest.kt	ReConfig by duv14 incorporates OneConfig by Polyfrost and contributors.	Original file notices and third-party rights preserved; see LICENSE-RECONFIG.txt / THIRD_PARTY_NOTICES.md
modules/config/README.md	ReConfig by duv14 incorporates OneConfig by Polyfrost and contributors.	Original file notices and third-party rights preserved; see LICENSE-RECONFIG.txt / THIRD_PARTY_NOTICES.md
modules/config/api/config.api	ReConfig by duv14 incorporates OneConfig by Polyfrost and contributors.	Original file notices and third-party rights preserved; see LICENSE-RECONFIG.txt / THIRD_PARTY_NOTICES.md
modules/config/build.gradle.kts	ReConfig by duv14 incorporates OneConfig by Polyfrost and contributors.	Original file notices and third-party rights preserved; see LICENSE-RECONFIG.txt / THIRD_PARTY_NOTICES.md
modules/config/src/main/java/org/polyfrost/oneconfig/api/config/v1/Node.java	ReConfig by duv14 incorporates OneConfig by Polyfrost and contributors.	Original file notices and third-party rights preserved; see LICENSE-RECONFIG.txt / THIRD_PARTY_NOTICES.md
modules/config/src/main/java/org/polyfrost/oneconfig/api/config/v1/Property.java	ReConfig by duv14 incorporates OneConfig by Polyfrost and contributors.	Original file notices and third-party rights preserved; see LICENSE-RECONFIG.txt / THIRD_PARTY_NOTICES.md
modules/config/src/main/java/org/polyfrost/oneconfig/api/config/v1/Tree.java	ReConfig by duv14 incorporates OneConfig by Polyfrost and contributors.	Original file notices and third-party rights preserved; see LICENSE-RECONFIG.txt / THIRD_PARTY_NOTICES.md
modules/config/src/main/java/org/polyfrost/oneconfig/api/config/v1/backend/Backend.java	ReConfig by duv14 incorporates OneConfig by Polyfrost and contributors.	Original file notices and third-party rights preserved; see LICENSE-RECONFIG.txt / THIRD_PARTY_NOTICES.md
modules/config/src/main/java/org/polyfrost/oneconfig/api/config/v1/collect/PropertyCollector.java	ReConfig by duv14 incorporates OneConfig by Polyfrost and contributors.	Original file notices and third-party rights preserved; see LICENSE-RECONFIG.txt / THIRD_PARTY_NOTICES.md
modules/config/src/main/java/org/polyfrost/oneconfig/api/config/v1/exceptions/SerializationException.java	ReConfig by duv14 incorporates OneConfig by Polyfrost and contributors.	Original file notices and third-party rights preserved; see LICENSE-RECONFIG.txt / THIRD_PARTY_NOTICES.md
modules/config/src/main/java/org/polyfrost/oneconfig/api/config/v1/serialize/ObjectSerializer.java	ReConfig by duv14 incorporates OneConfig by Polyfrost and contributors.	Original file notices and third-party rights preserved; see LICENSE-RECONFIG.txt / THIRD_PARTY_NOTICES.md
modules/config/src/main/java/org/polyfrost/oneconfig/api/config/v1/serialize/Serializer.java	ReConfig by duv14 incorporates OneConfig by Polyfrost and contributors.	Original file notices and third-party rights preserved; see LICENSE-RECONFIG.txt / THIRD_PARTY_NOTICES.md
modules/config/src/main/java/org/polyfrost/oneconfig/api/config/v1/serialize/adapter/Adapter.java	ReConfig by duv14 incorporates OneConfig by Polyfrost and contributors.	Original file notices and third-party rights preserved; see LICENSE-RECONFIG.txt / THIRD_PARTY_NOTICES.md
modules/config/src/main/java/org/polyfrost/oneconfig/api/config/v1/serialize/adapter/ComplexAdapter.java	ReConfig by duv14 incorporates OneConfig by Polyfrost and contributors.	Original file notices and third-party rights preserved; see LICENSE-RECONFIG.txt / THIRD_PARTY_NOTICES.md
modules/config/src/main/java/org/polyfrost/oneconfig/api/config/v1/serialize/adapter/impl/ColorAdapter.java	ReConfig by duv14 incorporates OneConfig by Polyfrost and contributors.	Original file notices and third-party rights preserved; see LICENSE-RECONFIG.txt / THIRD_PARTY_NOTICES.md
modules/config/src/main/kotlin/org/polyfrost/oneconfig/api/config/v1/Properties.kt	ReConfig by duv14 incorporates OneConfig by Polyfrost and contributors.	Original file notices and third-party rights preserved; see LICENSE-RECONFIG.txt / THIRD_PARTY_NOTICES.md
modules/config/src/main/kotlin/org/polyfrost/oneconfig/api/config/v1/extensions.kt	ReConfig by duv14 incorporates OneConfig by Polyfrost and contributors.	Original file notices and third-party rights preserved; see LICENSE-RECONFIG.txt / THIRD_PARTY_NOTICES.md
modules/config/src/test/java/org/polyfrost/oneconfig/api/config/v1/ObjectSerializerTest.java	ReConfig by duv14 incorporates OneConfig by Polyfrost and contributors.	Original file notices and third-party rights preserved; see LICENSE-RECONFIG.txt / THIRD_PARTY_NOTICES.md
modules/config/src/test/java/org/polyfrost/oneconfig/api/config/v1/TreeOverwriteResilienceTest.java	ReConfig by duv14 incorporates OneConfig by Polyfrost and contributors.	Original file notices and third-party rights preserved; see LICENSE-RECONFIG.txt / THIRD_PARTY_NOTICES.md
modules/dependencies/README.md	ReConfig by duv14 incorporates OneConfig by Polyfrost and contributors.	Original file notices and third-party rights preserved; see LICENSE-RECONFIG.txt / THIRD_PARTY_NOTICES.md
modules/dependencies/build.gradle.kts	ReConfig by duv14 incorporates OneConfig by Polyfrost and contributors.	Original file notices and third-party rights preserved; see LICENSE-RECONFIG.txt / THIRD_PARTY_NOTICES.md
modules/dependencies/legacy/build.gradle.kts	ReConfig by duv14 incorporates OneConfig by Polyfrost and contributors.	Original file notices and third-party rights preserved; see LICENSE-RECONFIG.txt / THIRD_PARTY_NOTICES.md
modules/dependencies/legacy/src/main/resources/fabric.mod.json	ReConfig by duv14 incorporates OneConfig by Polyfrost and contributors.	Original file notices and third-party rights preserved; see LICENSE-RECONFIG.txt / THIRD_PARTY_NOTICES.md
modules/events/README.md	ReConfig by duv14 incorporates OneConfig by Polyfrost and contributors.	Original file notices and third-party rights preserved; see LICENSE-RECONFIG.txt / THIRD_PARTY_NOTICES.md
modules/events/api/events.api	ReConfig by duv14 incorporates OneConfig by Polyfrost and contributors.	Original file notices and third-party rights preserved; see LICENSE-RECONFIG.txt / THIRD_PARTY_NOTICES.md
modules/events/build.gradle.kts	ReConfig by duv14 incorporates OneConfig by Polyfrost and contributors.	Original file notices and third-party rights preserved; see LICENSE-RECONFIG.txt / THIRD_PARTY_NOTICES.md
modules/events/src/main/java/org/polyfrost/oneconfig/api/event/v1/EventDelay.java	ReConfig by duv14 incorporates OneConfig by Polyfrost and contributors.	Original file notices and third-party rights preserved; see LICENSE-RECONFIG.txt / THIRD_PARTY_NOTICES.md
modules/events/src/main/java/org/polyfrost/oneconfig/api/event/v1/EventException.java	ReConfig by duv14 incorporates OneConfig by Polyfrost and contributors.	Original file notices and third-party rights preserved; see LICENSE-RECONFIG.txt / THIRD_PARTY_NOTICES.md
modules/events/src/main/java/org/polyfrost/oneconfig/api/event/v1/EventManager.java	ReConfig by duv14 incorporates OneConfig by Polyfrost and contributors.	Original file notices and third-party rights preserved; see LICENSE-RECONFIG.txt / THIRD_PARTY_NOTICES.md
modules/events/src/main/java/org/polyfrost/oneconfig/api/event/v1/events/ChatEvent.java	ReConfig by duv14 incorporates OneConfig by Polyfrost and contributors.	Original file notices and third-party rights preserved; see LICENSE-RECONFIG.txt / THIRD_PARTY_NOTICES.md
modules/events/src/main/java/org/polyfrost/oneconfig/api/event/v1/events/Event.java	ReConfig by duv14 incorporates OneConfig by Polyfrost and contributors.	Original file notices and third-party rights preserved; see LICENSE-RECONFIG.txt / THIRD_PARTY_NOTICES.md
modules/events/src/main/java/org/polyfrost/oneconfig/api/event/v1/events/FramebufferRenderEvent.java	ReConfig by duv14 incorporates OneConfig by Polyfrost and contributors.	Original file notices and third-party rights preserved; see LICENSE-RECONFIG.txt / THIRD_PARTY_NOTICES.md
modules/events/src/main/java/org/polyfrost/oneconfig/api/event/v1/events/HudEvent.java	ReConfig by duv14 incorporates OneConfig by Polyfrost and contributors.	Original file notices and third-party rights preserved; see LICENSE-RECONFIG.txt / THIRD_PARTY_NOTICES.md
modules/events/src/main/java/org/polyfrost/oneconfig/api/event/v1/events/HypixelLocationEvent.java	ReConfig by duv14 incorporates OneConfig by Polyfrost and contributors.	Original file notices and third-party rights preserved; see LICENSE-RECONFIG.txt / THIRD_PARTY_NOTICES.md
modules/events/src/main/java/org/polyfrost/oneconfig/api/event/v1/events/InitializationEvent.java	ReConfig by duv14 incorporates OneConfig by Polyfrost and contributors.	Original file notices and third-party rights preserved; see LICENSE-RECONFIG.txt / THIRD_PARTY_NOTICES.md
modules/events/src/main/java/org/polyfrost/oneconfig/api/event/v1/events/JvmShutdownEvent.java	ReConfig by duv14 incorporates OneConfig by Polyfrost and contributors.	Original file notices and third-party rights preserved; see LICENSE-RECONFIG.txt / THIRD_PARTY_NOTICES.md
modules/events/src/main/java/org/polyfrost/oneconfig/api/event/v1/events/KeyInputEvent.java	ReConfig by duv14 incorporates OneConfig by Polyfrost and contributors.	Original file notices and third-party rights preserved; see LICENSE-RECONFIG.txt / THIRD_PARTY_NOTICES.md
modules/events/src/main/java/org/polyfrost/oneconfig/api/event/v1/events/MainMenuFpsEvent.java	ReConfig by duv14 incorporates OneConfig by Polyfrost and contributors.	Original file notices and third-party rights preserved; see LICENSE-RECONFIG.txt / THIRD_PARTY_NOTICES.md
modules/events/src/main/java/org/polyfrost/oneconfig/api/event/v1/events/MouseInputEvent.java	ReConfig by duv14 incorporates OneConfig by Polyfrost and contributors.	Original file notices and third-party rights preserved; see LICENSE-RECONFIG.txt / THIRD_PARTY_NOTICES.md
modules/events/src/main/java/org/polyfrost/oneconfig/api/event/v1/events/PacketEvent.java	ReConfig by duv14 incorporates OneConfig by Polyfrost and contributors.	Original file notices and third-party rights preserved; see LICENSE-RECONFIG.txt / THIRD_PARTY_NOTICES.md
modules/events/src/main/java/org/polyfrost/oneconfig/api/event/v1/events/PlayerInteractEvent.java	ReConfig by duv14 incorporates OneConfig by Polyfrost and contributors.	Original file notices and third-party rights preserved; see LICENSE-RECONFIG.txt / THIRD_PARTY_NOTICES.md
modules/events/src/main/java/org/polyfrost/oneconfig/api/event/v1/events/RenderLivingEvent.java	ReConfig by duv14 incorporates OneConfig by Polyfrost and contributors.	Original file notices and third-party rights preserved; see LICENSE-RECONFIG.txt / THIRD_PARTY_NOTICES.md
modules/events/src/main/java/org/polyfrost/oneconfig/api/event/v1/events/ResizeEvent.java	ReConfig by duv14 incorporates OneConfig by Polyfrost and contributors.	Original file notices and third-party rights preserved; see LICENSE-RECONFIG.txt / THIRD_PARTY_NOTICES.md
modules/events/src/main/java/org/polyfrost/oneconfig/api/event/v1/events/ResourceFinishedLoading.java	ReConfig by duv14 incorporates OneConfig by Polyfrost and contributors.	Original file notices and third-party rights preserved; see LICENSE-RECONFIG.txt / THIRD_PARTY_NOTICES.md
modules/events/src/main/java/org/polyfrost/oneconfig/api/event/v1/events/ScreenOpenEvent.java	ReConfig by duv14 incorporates OneConfig by Polyfrost and contributors.	Original file notices and third-party rights preserved; see LICENSE-RECONFIG.txt / THIRD_PARTY_NOTICES.md
modules/events/src/main/java/org/polyfrost/oneconfig/api/event/v1/events/ServerJoinEvent.java	ReConfig by duv14 incorporates OneConfig by Polyfrost and contributors.	Original file notices and third-party rights preserved; see LICENSE-RECONFIG.txt / THIRD_PARTY_NOTICES.md
modules/events/src/main/java/org/polyfrost/oneconfig/api/event/v1/events/ShutdownEvent.java	ReConfig by duv14 incorporates OneConfig by Polyfrost and contributors.	Original file notices and third-party rights preserved; see LICENSE-RECONFIG.txt / THIRD_PARTY_NOTICES.md
modules/events/src/main/java/org/polyfrost/oneconfig/api/event/v1/events/SoundPlayedEvent.java	ReConfig by duv14 incorporates OneConfig by Polyfrost and contributors.	Original file notices and third-party rights preserved; see LICENSE-RECONFIG.txt / THIRD_PARTY_NOTICES.md
modules/events/src/main/java/org/polyfrost/oneconfig/api/event/v1/events/TickEvent.java	ReConfig by duv14 incorporates OneConfig by Polyfrost and contributors.	Original file notices and third-party rights preserved; see LICENSE-RECONFIG.txt / THIRD_PARTY_NOTICES.md
modules/events/src/main/java/org/polyfrost/oneconfig/api/event/v1/events/WindowFocusEvent.java	ReConfig by duv14 incorporates OneConfig by Polyfrost and contributors.	Original file notices and third-party rights preserved; see LICENSE-RECONFIG.txt / THIRD_PARTY_NOTICES.md
modules/events/src/main/java/org/polyfrost/oneconfig/api/event/v1/events/WorldEvent.java	ReConfig by duv14 incorporates OneConfig by Polyfrost and contributors.	Original file notices and third-party rights preserved; see LICENSE-RECONFIG.txt / THIRD_PARTY_NOTICES.md
modules/events/src/main/java/org/polyfrost/oneconfig/api/event/v1/invoke/EventCollector.java	ReConfig by duv14 incorporates OneConfig by Polyfrost and contributors.	Original file notices and third-party rights preserved; see LICENSE-RECONFIG.txt / THIRD_PARTY_NOTICES.md
modules/events/src/main/java/org/polyfrost/oneconfig/api/event/v1/invoke/EventHandler.java	ReConfig by duv14 incorporates OneConfig by Polyfrost and contributors.	Original file notices and third-party rights preserved; see LICENSE-RECONFIG.txt / THIRD_PARTY_NOTICES.md
modules/events/src/main/java/org/polyfrost/oneconfig/api/event/v1/invoke/impl/AnnotationEventMapper.java	ReConfig by duv14 incorporates OneConfig by Polyfrost and contributors.	Original file notices and third-party rights preserved; see LICENSE-RECONFIG.txt / THIRD_PARTY_NOTICES.md
modules/events/src/main/java/org/polyfrost/oneconfig/api/event/v1/invoke/impl/Subscribe.java	ReConfig by duv14 incorporates OneConfig by Polyfrost and contributors.	Original file notices and third-party rights preserved; see LICENSE-RECONFIG.txt / THIRD_PARTY_NOTICES.md
modules/events/src/main/kotlin/org/polyfrost/oneconfig/api/event/v1/extensions.kt	ReConfig by duv14 incorporates OneConfig by Polyfrost and contributors.	Original file notices and third-party rights preserved; see LICENSE-RECONFIG.txt / THIRD_PARTY_NOTICES.md
modules/hud/.gitignore	ReConfig by duv14 incorporates OneConfig by Polyfrost and contributors.	Original file notices and third-party rights preserved; see LICENSE-RECONFIG.txt / THIRD_PARTY_NOTICES.md
modules/hud/README.md	ReConfig by duv14 incorporates OneConfig by Polyfrost and contributors.	Original file notices and third-party rights preserved; see LICENSE-RECONFIG.txt / THIRD_PARTY_NOTICES.md
modules/hud/api/hud.api	ReConfig by duv14 incorporates OneConfig by Polyfrost and contributors.	Original file notices and third-party rights preserved; see LICENSE-RECONFIG.txt / THIRD_PARTY_NOTICES.md
modules/hud/build.gradle.kts	ReConfig by duv14 incorporates OneConfig by Polyfrost and contributors.	Original file notices and third-party rights preserved; see LICENSE-RECONFIG.txt / THIRD_PARTY_NOTICES.md
modules/hud/src/main/java/org/polyfrost/oneconfig/api/hud/v1/events/HudEditorToggleEvent.java	ReConfig by duv14 incorporates OneConfig by Polyfrost and contributors.	Original file notices and third-party rights preserved; see LICENSE-RECONFIG.txt / THIRD_PARTY_NOTICES.md
modules/hud/src/main/kotlin/org/polyfrost/oneconfig/api/hud/v1/Hud.kt	ReConfig by duv14 incorporates OneConfig by Polyfrost and contributors.	Original file notices and third-party rights preserved; see LICENSE-RECONFIG.txt / THIRD_PARTY_NOTICES.md
modules/hud/src/main/kotlin/org/polyfrost/oneconfig/api/hud/v1/HudBackgroundMerge.kt	ReConfig by duv14 incorporates OneConfig by Polyfrost and contributors.	Original file notices and third-party rights preserved; see LICENSE-RECONFIG.txt / THIRD_PARTY_NOTICES.md
modules/hud/src/main/kotlin/org/polyfrost/oneconfig/api/hud/v1/HudManager.kt	ReConfig by duv14 incorporates OneConfig by Polyfrost and contributors.	Original file notices and third-party rights preserved; see LICENSE-RECONFIG.txt / THIRD_PARTY_NOTICES.md
modules/hud/src/main/kotlin/org/polyfrost/oneconfig/api/hud/v1/HudResize.kt	ReConfig by duv14 incorporates OneConfig by Polyfrost and contributors.	Original file notices and third-party rights preserved; see LICENSE-RECONFIG.txt / THIRD_PARTY_NOTICES.md
modules/hud/src/main/kotlin/org/polyfrost/oneconfig/api/hud/v1/LegacyHudMarker.kt	ReConfig by duv14 incorporates OneConfig by Polyfrost and contributors.	Original file notices and third-party rights preserved; see LICENSE-RECONFIG.txt / THIRD_PARTY_NOTICES.md
modules/hud/src/main/kotlin/org/polyfrost/oneconfig/api/hud/v1/OneConfigHudCompat.kt	ReConfig by duv14 incorporates OneConfig by Polyfrost and contributors.	Original file notices and third-party rights preserved; see LICENSE-RECONFIG.txt / THIRD_PARTY_NOTICES.md
modules/hud/src/main/kotlin/org/polyfrost/oneconfig/api/hud/v1/TextHud.kt	ReConfig by duv14 incorporates OneConfig by Polyfrost and contributors.	Original file notices and third-party rights preserved; see LICENSE-RECONFIG.txt / THIRD_PARTY_NOTICES.md
modules/hud/src/main/resources/assets/oneconfig/hud/align/background.svg	ReConfig by duv14 incorporates OneConfig by Polyfrost and contributors.	Original file notices and third-party rights preserved; see LICENSE-RECONFIG.txt / THIRD_PARTY_NOTICES.md
modules/hud/src/main/resources/assets/oneconfig/hud/align/circle.svg	ReConfig by duv14 incorporates OneConfig by Polyfrost and contributors.	Original file notices and third-party rights preserved; see LICENSE-RECONFIG.txt / THIRD_PARTY_NOTICES.md
modules/hud/src/main/resources/assets/oneconfig/hud/en_default.lang	ReConfig by duv14 incorporates OneConfig by Polyfrost and contributors.	Original file notices and third-party rights preserved; see LICENSE-RECONFIG.txt / THIRD_PARTY_NOTICES.md
modules/hud/src/main/resources/assets/oneconfig/hud/selector_curve.svg	ReConfig by duv14 incorporates OneConfig by Polyfrost and contributors.	Original file notices and third-party rights preserved; see LICENSE-RECONFIG.txt / THIRD_PARTY_NOTICES.md
modules/hud/src/test/java/org/polyfrost/oneconfig/api/hud/v1/HudCompatRegressionTest.java	ReConfig by duv14 incorporates OneConfig by Polyfrost and contributors.	Original file notices and third-party rights preserved; see LICENSE-RECONFIG.txt / THIRD_PARTY_NOTICES.md
modules/hud/src/test/java/org/polyfrost/oneconfig/api/hud/v1/HudCompatRestartTest.java	ReConfig by duv14 incorporates OneConfig by Polyfrost and contributors.	Original file notices and third-party rights preserved; see LICENSE-RECONFIG.txt / THIRD_PARTY_NOTICES.md
modules/hud/src/test/java/org/polyfrost/oneconfig/api/hud/v1/HudDeletionPersistenceTest.java	ReConfig by duv14 incorporates OneConfig by Polyfrost and contributors.	Original file notices and third-party rights preserved; see LICENSE-RECONFIG.txt / THIRD_PARTY_NOTICES.md
modules/hud/src/test/java/org/polyfrost/oneconfig/api/hud/v1/HudPositionMigrationTest.java	ReConfig by duv14 incorporates OneConfig by Polyfrost and contributors.	Original file notices and third-party rights preserved; see LICENSE-RECONFIG.txt / THIRD_PARTY_NOTICES.md
modules/hud/src/test/java/org/polyfrost/oneconfig/api/hud/v1/HudProfileIsolationTest.java	ReConfig by duv14 incorporates OneConfig by Polyfrost and contributors.	Original file notices and third-party rights preserved; see LICENSE-RECONFIG.txt / THIRD_PARTY_NOTICES.md
modules/hud/src/test/java/org/polyfrost/oneconfig/api/hud/v1/TextHudTest.java	ReConfig by duv14 incorporates OneConfig by Polyfrost and contributors.	Original file notices and third-party rights preserved; see LICENSE-RECONFIG.txt / THIRD_PARTY_NOTICES.md
modules/internal/README.md	ReConfig by duv14 incorporates OneConfig by Polyfrost and contributors.	Original file notices and third-party rights preserved; see LICENSE-RECONFIG.txt / THIRD_PARTY_NOTICES.md
modules/internal/build.gradle.kts	ReConfig by duv14 incorporates OneConfig by Polyfrost and contributors.	Original file notices and third-party rights preserved; see LICENSE-RECONFIG.txt / THIRD_PARTY_NOTICES.md
modules/internal/src/main/java/org/polyfrost/oneconfig/internal/OneConfigConfig.java	ReConfig by duv14 incorporates OneConfig by Polyfrost and contributors.	Original file notices and third-party rights preserved; see LICENSE-RECONFIG.txt / THIRD_PARTY_NOTICES.md
modules/internal/src/main/java/org/polyfrost/oneconfig/internal/ThemeConfig.java	ReConfig by duv14 incorporates OneConfig by Polyfrost and contributors.	Original file notices and third-party rights preserved; see LICENSE-RECONFIG.txt / THIRD_PARTY_NOTICES.md
modules/internal/src/main/java/org/polyfrost/oneconfig/internal/reconfig/CrosshairPattern.java	ReConfig by duv14 incorporates OneConfig by Polyfrost and contributors.	Original file notices and third-party rights preserved; see LICENSE-RECONFIG.txt / THIRD_PARTY_NOTICES.md
modules/internal/src/main/java/org/polyfrost/oneconfig/internal/reconfig/WaypointProjection.java	ReConfig by duv14 incorporates OneConfig by Polyfrost and contributors.	Original file notices and third-party rights preserved; see LICENSE-RECONFIG.txt / THIRD_PARTY_NOTICES.md
modules/internal/src/main/java/org/polyfrost/oneconfig/internal/reconfig/WaypointStore.java	ReConfig by duv14 incorporates OneConfig by Polyfrost and contributors.	Original file notices and third-party rights preserved; see LICENSE-RECONFIG.txt / THIRD_PARTY_NOTICES.md
modules/internal/src/main/java/org/polyfrost/oneconfig/internal/reconfig/combat/DistanceLineWidth.java	ReConfig by duv14 incorporates OneConfig by Polyfrost and contributors.	Original file notices and third-party rights preserved; see LICENSE-RECONFIG.txt / THIRD_PARTY_NOTICES.md
modules/internal/src/main/java/org/polyfrost/oneconfig/internal/reconfig/combat/HexColor.java	ReConfig by duv14 incorporates OneConfig by Polyfrost and contributors.	Original file notices and third-party rights preserved; see LICENSE-RECONFIG.txt / THIRD_PARTY_NOTICES.md
modules/internal/src/main/java/org/polyfrost/oneconfig/internal/reconfig/combat/HighlightConfig.java	ReConfig by duv14 incorporates OneConfig by Polyfrost and contributors.	Original file notices and third-party rights preserved; see LICENSE-RECONFIG.txt / THIRD_PARTY_NOTICES.md
modules/internal/src/main/java/org/polyfrost/oneconfig/internal/reconfig/combat/HitFlashTracker.java	ReConfig by duv14 incorporates OneConfig by Polyfrost and contributors.	Original file notices and third-party rights preserved; see LICENSE-RECONFIG.txt / THIRD_PARTY_NOTICES.md
modules/internal/src/main/java/org/polyfrost/oneconfig/internal/reconfig/combat/HitboxCategoriesConfig.java	ReConfig by duv14 incorporates OneConfig by Polyfrost and contributors.	Original file notices and third-party rights preserved; see LICENSE-RECONFIG.txt / THIRD_PARTY_NOTICES.md
modules/internal/src/main/java/org/polyfrost/oneconfig/internal/reconfig/combat/HitboxCategory.java	ReConfig by duv14 incorporates OneConfig by Polyfrost and contributors.	Original file notices and third-party rights preserved; see LICENSE-RECONFIG.txt / THIRD_PARTY_NOTICES.md
modules/internal/src/main/java/org/polyfrost/oneconfig/internal/reconfig/combat/HitboxColorResolver.java	ReConfig by duv14 incorporates OneConfig by Polyfrost and contributors.	Original file notices and third-party rights preserved; see LICENSE-RECONFIG.txt / THIRD_PARTY_NOTICES.md
modules/internal/src/main/kotlin/org/polyfrost/oneconfig/internal/DynamicImage.kt	ReConfig by duv14 incorporates OneConfig by Polyfrost and contributors.	Original file notices and third-party rights preserved; see LICENSE-RECONFIG.txt / THIRD_PARTY_NOTICES.md
modules/internal/src/main/kotlin/org/polyfrost/oneconfig/internal/reconfig/CombatRepository.kt	ReConfig by duv14 incorporates OneConfig by Polyfrost and contributors.	Original file notices and third-party rights preserved; see LICENSE-RECONFIG.txt / THIRD_PARTY_NOTICES.md
modules/internal/src/main/kotlin/org/polyfrost/oneconfig/internal/reconfig/KeyCapture.kt	ReConfig by duv14 incorporates OneConfig by Polyfrost and contributors.	Original file notices and third-party rights preserved; see LICENSE-RECONFIG.txt / THIRD_PARTY_NOTICES.md
modules/internal/src/main/kotlin/org/polyfrost/oneconfig/internal/reconfig/ModuleCatalog.kt	ReConfig by duv14 incorporates OneConfig by Polyfrost and contributors.	Original file notices and third-party rights preserved; see LICENSE-RECONFIG.txt / THIRD_PARTY_NOTICES.md
modules/internal/src/main/kotlin/org/polyfrost/oneconfig/internal/reconfig/WaypointRepository.kt	ReConfig by duv14 incorporates OneConfig by Polyfrost and contributors.	Original file notices and third-party rights preserved; see LICENSE-RECONFIG.txt / THIRD_PARTY_NOTICES.md
modules/internal/src/main/kotlin/org/polyfrost/oneconfig/internal/ui/OneConfigInterface.kt	ReConfig by duv14 incorporates OneConfig by Polyfrost and contributors.	Original file notices and third-party rights preserved; see LICENSE-RECONFIG.txt / THIRD_PARTY_NOTICES.md
modules/internal/src/main/kotlin/org/polyfrost/oneconfig/internal/ui/api/ChangelogData.kt	ReConfig by duv14 incorporates OneConfig by Polyfrost and contributors.	Original file notices and third-party rights preserved; see LICENSE-RECONFIG.txt / THIRD_PARTY_NOTICES.md
modules/internal/src/main/kotlin/org/polyfrost/oneconfig/internal/ui/api/ConfigData.kt	ReConfig by duv14 incorporates OneConfig by Polyfrost and contributors.	Original file notices and third-party rights preserved; see LICENSE-RECONFIG.txt / THIRD_PARTY_NOTICES.md
modules/internal/src/main/kotlin/org/polyfrost/oneconfig/internal/ui/api/ConfigRegistry.kt	ReConfig by duv14 incorporates OneConfig by Polyfrost and contributors.	Original file notices and third-party rights preserved; see LICENSE-RECONFIG.txt / THIRD_PARTY_NOTICES.md
modules/internal/src/main/kotlin/org/polyfrost/oneconfig/internal/ui/api/ModCardGrouping.kt	ReConfig by duv14 incorporates OneConfig by Polyfrost and contributors.	Original file notices and third-party rights preserved; see LICENSE-RECONFIG.txt / THIRD_PARTY_NOTICES.md
modules/internal/src/main/kotlin/org/polyfrost/oneconfig/internal/ui/api/ModCardTypeCollapseStore.kt	ReConfig by duv14 incorporates OneConfig by Polyfrost and contributors.	Original file notices and third-party rights preserved; see LICENSE-RECONFIG.txt / THIRD_PARTY_NOTICES.md
modules/internal/src/main/kotlin/org/polyfrost/oneconfig/internal/ui/api/ModFavorites.kt	ReConfig by duv14 incorporates OneConfig by Polyfrost and contributors.	Original file notices and third-party rights preserved; see LICENSE-RECONFIG.txt / THIRD_PARTY_NOTICES.md
modules/internal/src/main/kotlin/org/polyfrost/oneconfig/internal/ui/api/ModOrder.kt	ReConfig by duv14 incorporates OneConfig by Polyfrost and contributors.	Original file notices and third-party rights preserved; see LICENSE-RECONFIG.txt / THIRD_PARTY_NOTICES.md
modules/internal/src/main/kotlin/org/polyfrost/oneconfig/internal/ui/api/ProfileData.kt	ReConfig by duv14 incorporates OneConfig by Polyfrost and contributors.	Original file notices and third-party rights preserved; see LICENSE-RECONFIG.txt / THIRD_PARTY_NOTICES.md
modules/internal/src/main/kotlin/org/polyfrost/oneconfig/internal/ui/api/TextComponentRenderer.kt	ReConfig by duv14 incorporates OneConfig by Polyfrost and contributors.	Original file notices and third-party rights preserved; see LICENSE-RECONFIG.txt / THIRD_PARTY_NOTICES.md
modules/internal/src/main/kotlin/org/polyfrost/oneconfig/internal/ui/api/ThirdPartyModCategories.kt	ReConfig by duv14 incorporates OneConfig by Polyfrost and contributors.	Original file notices and third-party rights preserved; see LICENSE-RECONFIG.txt / THIRD_PARTY_NOTICES.md
modules/internal/src/main/kotlin/org/polyfrost/oneconfig/internal/ui/api/TreeConfigData.kt	ReConfig by duv14 incorporates OneConfig by Polyfrost and contributors.	Original file notices and third-party rights preserved; see LICENSE-RECONFIG.txt / THIRD_PARTY_NOTICES.md
modules/internal/src/main/kotlin/org/polyfrost/oneconfig/internal/ui/api/settings/BuiltinVisualizers.kt	ReConfig by duv14 incorporates OneConfig by Polyfrost and contributors.	Original file notices and third-party rights preserved; see LICENSE-RECONFIG.txt / THIRD_PARTY_NOTICES.md
modules/internal/src/main/kotlin/org/polyfrost/oneconfig/internal/ui/api/settings/OptionData.kt	ReConfig by duv14 incorporates OneConfig by Polyfrost and contributors.	Original file notices and third-party rights preserved; see LICENSE-RECONFIG.txt / THIRD_PARTY_NOTICES.md
modules/internal/src/main/kotlin/org/polyfrost/oneconfig/internal/ui/components/Borders.kt	ReConfig by duv14 incorporates OneConfig by Polyfrost and contributors.	Original file notices and third-party rights preserved; see LICENSE-RECONFIG.txt / THIRD_PARTY_NOTICES.md
modules/internal/src/main/kotlin/org/polyfrost/oneconfig/internal/ui/components/Button.kt	ReConfig by duv14 incorporates OneConfig by Polyfrost and contributors.	Original file notices and third-party rights preserved; see LICENSE-RECONFIG.txt / THIRD_PARTY_NOTICES.md
modules/internal/src/main/kotlin/org/polyfrost/oneconfig/internal/ui/components/Chips.kt	ReConfig by duv14 incorporates OneConfig by Polyfrost and contributors.	Original file notices and third-party rights preserved; see LICENSE-RECONFIG.txt / THIRD_PARTY_NOTICES.md
modules/internal/src/main/kotlin/org/polyfrost/oneconfig/internal/ui/components/Common.kt	ReConfig by duv14 incorporates OneConfig by Polyfrost and contributors.	Original file notices and third-party rights preserved; see LICENSE-RECONFIG.txt / THIRD_PARTY_NOTICES.md
modules/internal/src/main/kotlin/org/polyfrost/oneconfig/internal/ui/components/Header.kt	ReConfig by duv14 incorporates OneConfig by Polyfrost and contributors.	Original file notices and third-party rights preserved; see LICENSE-RECONFIG.txt / THIRD_PARTY_NOTICES.md
modules/internal/src/main/kotlin/org/polyfrost/oneconfig/internal/ui/components/I18n.kt	ReConfig by duv14 incorporates OneConfig by Polyfrost and contributors.	Original file notices and third-party rights preserved; see LICENSE-RECONFIG.txt / THIRD_PARTY_NOTICES.md
modules/internal/src/main/kotlin/org/polyfrost/oneconfig/internal/ui/components/Icon.kt	ReConfig by duv14 incorporates OneConfig by Polyfrost and contributors.	Original file notices and third-party rights preserved; see LICENSE-RECONFIG.txt / THIRD_PARTY_NOTICES.md
modules/internal/src/main/kotlin/org/polyfrost/oneconfig/internal/ui/components/NotificationsCenter.kt	ReConfig by duv14 incorporates OneConfig by Polyfrost and contributors.	Original file notices and third-party rights preserved; see LICENSE-RECONFIG.txt / THIRD_PARTY_NOTICES.md
modules/internal/src/main/kotlin/org/polyfrost/oneconfig/internal/ui/components/OversampledSvg.kt	ReConfig by duv14 incorporates OneConfig by Polyfrost and contributors.	Original file notices and third-party rights preserved; see LICENSE-RECONFIG.txt / THIRD_PARTY_NOTICES.md
modules/internal/src/main/kotlin/org/polyfrost/oneconfig/internal/ui/components/PixelArt.kt	ReConfig by duv14 incorporates OneConfig by Polyfrost and contributors.	Original file notices and third-party rights preserved; see LICENSE-RECONFIG.txt / THIRD_PARTY_NOTICES.md
modules/internal/src/main/kotlin/org/polyfrost/oneconfig/internal/ui/components/PlayerHead.kt	ReConfig by duv14 incorporates OneConfig by Polyfrost and contributors.	Original file notices and third-party rights preserved; see LICENSE-RECONFIG.txt / THIRD_PARTY_NOTICES.md
modules/internal/src/main/kotlin/org/polyfrost/oneconfig/internal/ui/components/ReConfigGlass.kt	ReConfig by duv14 incorporates OneConfig by Polyfrost and contributors.	Original file notices and third-party rights preserved; see LICENSE-RECONFIG.txt / THIRD_PARTY_NOTICES.md
modules/internal/src/main/kotlin/org/polyfrost/oneconfig/internal/ui/components/ReorderableGrid.kt	ReConfig by duv14 incorporates OneConfig by Polyfrost and contributors.	Original file notices and third-party rights preserved; see LICENSE-RECONFIG.txt / THIRD_PARTY_NOTICES.md
modules/internal/src/main/kotlin/org/polyfrost/oneconfig/internal/ui/components/Sidebar.kt	ReConfig by duv14 incorporates OneConfig by Polyfrost and contributors.	Original file notices and third-party rights preserved; see LICENSE-RECONFIG.txt / THIRD_PARTY_NOTICES.md
modules/internal/src/main/kotlin/org/polyfrost/oneconfig/internal/ui/components/Text.kt	ReConfig by duv14 incorporates OneConfig by Polyfrost and contributors.	Original file notices and third-party rights preserved; see LICENSE-RECONFIG.txt / THIRD_PARTY_NOTICES.md
modules/internal/src/main/kotlin/org/polyfrost/oneconfig/internal/ui/components/VerticalScrollContainment.kt	ReConfig by duv14 incorporates OneConfig by Polyfrost and contributors.	Original file notices and third-party rights preserved; see LICENSE-RECONFIG.txt / THIRD_PARTY_NOTICES.md
modules/internal/src/main/kotlin/org/polyfrost/oneconfig/internal/ui/components/dropdown/DropdownMenu.kt	ReConfig by duv14 incorporates OneConfig by Polyfrost and contributors.	Original file notices and third-party rights preserved; see LICENSE-RECONFIG.txt / THIRD_PARTY_NOTICES.md
modules/internal/src/main/kotlin/org/polyfrost/oneconfig/internal/ui/components/item/ItemCatalogService.kt	ReConfig by duv14 incorporates OneConfig by Polyfrost and contributors.	Original file notices and third-party rights preserved; see LICENSE-RECONFIG.txt / THIRD_PARTY_NOTICES.md
modules/internal/src/main/kotlin/org/polyfrost/oneconfig/internal/ui/components/item/ItemVisuals.kt	ReConfig by duv14 incorporates OneConfig by Polyfrost and contributors.	Original file notices and third-party rights preserved; see LICENSE-RECONFIG.txt / THIRD_PARTY_NOTICES.md
modules/internal/src/main/kotlin/org/polyfrost/oneconfig/internal/ui/components/item/PolyItemVisuals.kt	ReConfig by duv14 incorporates OneConfig by Polyfrost and contributors.	Original file notices and third-party rights preserved; see LICENSE-RECONFIG.txt / THIRD_PARTY_NOTICES.md
modules/internal/src/main/kotlin/org/polyfrost/oneconfig/internal/ui/components/layout/Flex.kt	ReConfig by duv14 incorporates OneConfig by Polyfrost and contributors.	Original file notices and third-party rights preserved; see LICENSE-RECONFIG.txt / THIRD_PARTY_NOTICES.md
modules/internal/src/main/kotlin/org/polyfrost/oneconfig/internal/ui/components/settings/ButtonOption.kt	ReConfig by duv14 incorporates OneConfig by Polyfrost and contributors.	Original file notices and third-party rights preserved; see LICENSE-RECONFIG.txt / THIRD_PARTY_NOTICES.md
modules/internal/src/main/kotlin/org/polyfrost/oneconfig/internal/ui/components/settings/CheckboxControl.kt	ReConfig by duv14 incorporates OneConfig by Polyfrost and contributors.	Original file notices and third-party rights preserved; see LICENSE-RECONFIG.txt / THIRD_PARTY_NOTICES.md
modules/internal/src/main/kotlin/org/polyfrost/oneconfig/internal/ui/components/settings/ColorListOption.kt	ReConfig by duv14 incorporates OneConfig by Polyfrost and contributors.	Original file notices and third-party rights preserved; see LICENSE-RECONFIG.txt / THIRD_PARTY_NOTICES.md
modules/internal/src/main/kotlin/org/polyfrost/oneconfig/internal/ui/components/settings/ColorOption.kt	ReConfig by duv14 incorporates OneConfig by Polyfrost and contributors.	Original file notices and third-party rights preserved; see LICENSE-RECONFIG.txt / THIRD_PARTY_NOTICES.md
modules/internal/src/main/kotlin/org/polyfrost/oneconfig/internal/ui/components/settings/DraggableListOption.kt	ReConfig by duv14 incorporates OneConfig by Polyfrost and contributors.	Original file notices and third-party rights preserved; see LICENSE-RECONFIG.txt / THIRD_PARTY_NOTICES.md
modules/internal/src/main/kotlin/org/polyfrost/oneconfig/internal/ui/components/settings/DropdownOption.kt	ReConfig by duv14 incorporates OneConfig by Polyfrost and contributors.	Original file notices and third-party rights preserved; see LICENSE-RECONFIG.txt / THIRD_PARTY_NOTICES.md
modules/internal/src/main/kotlin/org/polyfrost/oneconfig/internal/ui/components/settings/FileListOption.kt	ReConfig by duv14 incorporates OneConfig by Polyfrost and contributors.	Original file notices and third-party rights preserved; see LICENSE-RECONFIG.txt / THIRD_PARTY_NOTICES.md
modules/internal/src/main/kotlin/org/polyfrost/oneconfig/internal/ui/components/settings/FileOption.kt	ReConfig by duv14 incorporates OneConfig by Polyfrost and contributors.	Original file notices and third-party rights preserved; see LICENSE-RECONFIG.txt / THIRD_PARTY_NOTICES.md
modules/internal/src/main/kotlin/org/polyfrost/oneconfig/internal/ui/components/settings/InfoOption.kt	ReConfig by duv14 incorporates OneConfig by Polyfrost and contributors.	Original file notices and third-party rights preserved; see LICENSE-RECONFIG.txt / THIRD_PARTY_NOTICES.md
modules/internal/src/main/kotlin/org/polyfrost/oneconfig/internal/ui/components/settings/InheritableSliderOption.kt	ReConfig by duv14 incorporates OneConfig by Polyfrost and contributors.	Original file notices and third-party rights preserved; see LICENSE-RECONFIG.txt / THIRD_PARTY_NOTICES.md
modules/internal/src/main/kotlin/org/polyfrost/oneconfig/internal/ui/components/settings/ItemListOption.kt	ReConfig by duv14 incorporates OneConfig by Polyfrost and contributors.	Original file notices and third-party rights preserved; see LICENSE-RECONFIG.txt / THIRD_PARTY_NOTICES.md
modules/internal/src/main/kotlin/org/polyfrost/oneconfig/internal/ui/components/settings/KeybindConflicts.kt	ReConfig by duv14 incorporates OneConfig by Polyfrost and contributors.	Original file notices and third-party rights preserved; see LICENSE-RECONFIG.txt / THIRD_PARTY_NOTICES.md
modules/internal/src/main/kotlin/org/polyfrost/oneconfig/internal/ui/components/settings/KeybindOption.kt	ReConfig by duv14 incorporates OneConfig by Polyfrost and contributors.	Original file notices and third-party rights preserved; see LICENSE-RECONFIG.txt / THIRD_PARTY_NOTICES.md
modules/internal/src/main/kotlin/org/polyfrost/oneconfig/internal/ui/components/settings/ListOptionScaffold.kt	ReConfig by duv14 incorporates OneConfig by Polyfrost and contributors.	Original file notices and third-party rights preserved; see LICENSE-RECONFIG.txt / THIRD_PARTY_NOTICES.md
modules/internal/src/main/kotlin/org/polyfrost/oneconfig/internal/ui/components/settings/MultiSelectDropdownOption.kt	ReConfig by duv14 incorporates OneConfig by Polyfrost and contributors.	Original file notices and third-party rights preserved; see LICENSE-RECONFIG.txt / THIRD_PARTY_NOTICES.md
modules/internal/src/main/kotlin/org/polyfrost/oneconfig/internal/ui/components/settings/NumberChainOption.kt	ReConfig by duv14 incorporates OneConfig by Polyfrost and contributors.	Original file notices and third-party rights preserved; see LICENSE-RECONFIG.txt / THIRD_PARTY_NOTICES.md
modules/internal/src/main/kotlin/org/polyfrost/oneconfig/internal/ui/components/settings/NumberListOption.kt	ReConfig by duv14 incorporates OneConfig by Polyfrost and contributors.	Original file notices and third-party rights preserved; see LICENSE-RECONFIG.txt / THIRD_PARTY_NOTICES.md
modules/internal/src/main/kotlin/org/polyfrost/oneconfig/internal/ui/components/settings/NumberOption.kt	ReConfig by duv14 incorporates OneConfig by Polyfrost and contributors.	Original file notices and third-party rights preserved; see LICENSE-RECONFIG.txt / THIRD_PARTY_NOTICES.md
modules/internal/src/main/kotlin/org/polyfrost/oneconfig/internal/ui/components/settings/Options.kt	ReConfig by duv14 incorporates OneConfig by Polyfrost and contributors.	Original file notices and third-party rights preserved; see LICENSE-RECONFIG.txt / THIRD_PARTY_NOTICES.md
modules/internal/src/main/kotlin/org/polyfrost/oneconfig/internal/ui/components/settings/RadioButtonOption.kt	ReConfig by duv14 incorporates OneConfig by Polyfrost and contributors.	Original file notices and third-party rights preserved; see LICENSE-RECONFIG.txt / THIRD_PARTY_NOTICES.md
modules/internal/src/main/kotlin/org/polyfrost/oneconfig/internal/ui/components/settings/RangeSliderOption.kt	ReConfig by duv14 incorporates OneConfig by Polyfrost and contributors.	Original file notices and third-party rights preserved; see LICENSE-RECONFIG.txt / THIRD_PARTY_NOTICES.md
modules/internal/src/main/kotlin/org/polyfrost/oneconfig/internal/ui/components/settings/SliderControl.kt	ReConfig by duv14 incorporates OneConfig by Polyfrost and contributors.	Original file notices and third-party rights preserved; see LICENSE-RECONFIG.txt / THIRD_PARTY_NOTICES.md
modules/internal/src/main/kotlin/org/polyfrost/oneconfig/internal/ui/components/settings/SliderOption.kt	ReConfig by duv14 incorporates OneConfig by Polyfrost and contributors.	Original file notices and third-party rights preserved; see LICENSE-RECONFIG.txt / THIRD_PARTY_NOTICES.md
modules/internal/src/main/kotlin/org/polyfrost/oneconfig/internal/ui/components/settings/SwitchControl.kt	ReConfig by duv14 incorporates OneConfig by Polyfrost and contributors.	Original file notices and third-party rights preserved; see LICENSE-RECONFIG.txt / THIRD_PARTY_NOTICES.md
modules/internal/src/main/kotlin/org/polyfrost/oneconfig/internal/ui/components/settings/TextListOption.kt	ReConfig by duv14 incorporates OneConfig by Polyfrost and contributors.	Original file notices and third-party rights preserved; see LICENSE-RECONFIG.txt / THIRD_PARTY_NOTICES.md
modules/internal/src/main/kotlin/org/polyfrost/oneconfig/internal/ui/components/settings/TextOption.kt	ReConfig by duv14 incorporates OneConfig by Polyfrost and contributors.	Original file notices and third-party rights preserved; see LICENSE-RECONFIG.txt / THIRD_PARTY_NOTICES.md
modules/internal/src/main/kotlin/org/polyfrost/oneconfig/internal/ui/hud/BuiltinHudConfig.kt	ReConfig by duv14 incorporates OneConfig by Polyfrost and contributors.	Original file notices and third-party rights preserved; see LICENSE-RECONFIG.txt / THIRD_PARTY_NOTICES.md
modules/internal/src/main/kotlin/org/polyfrost/oneconfig/internal/ui/hud/HudModCardData.kt	ReConfig by duv14 incorporates OneConfig by Polyfrost and contributors.	Original file notices and third-party rights preserved; see LICENSE-RECONFIG.txt / THIRD_PARTY_NOTICES.md
modules/internal/src/main/kotlin/org/polyfrost/oneconfig/internal/ui/hud/HudModInfo.kt	ReConfig by duv14 incorporates OneConfig by Polyfrost and contributors.	Original file notices and third-party rights preserved; see LICENSE-RECONFIG.txt / THIRD_PARTY_NOTICES.md
modules/internal/src/main/kotlin/org/polyfrost/oneconfig/internal/ui/hud/HudSettingsReset.kt	ReConfig by duv14 incorporates OneConfig by Polyfrost and contributors.	Original file notices and third-party rights preserved; see LICENSE-RECONFIG.txt / THIRD_PARTY_NOTICES.md
modules/internal/src/main/kotlin/org/polyfrost/oneconfig/internal/ui/hud/LegacyHudOverlayBridge.kt	ReConfig by duv14 incorporates OneConfig by Polyfrost and contributors.	Original file notices and third-party rights preserved; see LICENSE-RECONFIG.txt / THIRD_PARTY_NOTICES.md
modules/internal/src/main/kotlin/org/polyfrost/oneconfig/internal/ui/hud/components/AlignmentPicker.kt	ReConfig by duv14 incorporates OneConfig by Polyfrost and contributors.	Original file notices and third-party rights preserved; see LICENSE-RECONFIG.txt / THIRD_PARTY_NOTICES.md
modules/internal/src/main/kotlin/org/polyfrost/oneconfig/internal/ui/hud/components/Dropdown.kt	ReConfig by duv14 incorporates OneConfig by Polyfrost and contributors.	Original file notices and third-party rights preserved; see LICENSE-RECONFIG.txt / THIRD_PARTY_NOTICES.md
modules/internal/src/main/kotlin/org/polyfrost/oneconfig/internal/ui/hud/components/HudPreview.kt	ReConfig by duv14 incorporates OneConfig by Polyfrost and contributors.	Original file notices and third-party rights preserved; see LICENSE-RECONFIG.txt / THIRD_PARTY_NOTICES.md
modules/internal/src/main/kotlin/org/polyfrost/oneconfig/internal/ui/hud/components/Number.kt	ReConfig by duv14 incorporates OneConfig by Polyfrost and contributors.	Original file notices and third-party rights preserved; see LICENSE-RECONFIG.txt / THIRD_PARTY_NOTICES.md
modules/internal/src/main/kotlin/org/polyfrost/oneconfig/internal/ui/hud/components/Radio.kt	ReConfig by duv14 incorporates OneConfig by Polyfrost and contributors.	Original file notices and third-party rights preserved; see LICENSE-RECONFIG.txt / THIRD_PARTY_NOTICES.md
modules/internal/src/main/kotlin/org/polyfrost/oneconfig/internal/ui/hud/screens/HudAdditions.kt	ReConfig by duv14 incorporates OneConfig by Polyfrost and contributors.	Original file notices and third-party rights preserved; see LICENSE-RECONFIG.txt / THIRD_PARTY_NOTICES.md
modules/internal/src/main/kotlin/org/polyfrost/oneconfig/internal/ui/hud/screens/HudDesignSession.kt	ReConfig by duv14 incorporates OneConfig by Polyfrost and contributors.	Original file notices and third-party rights preserved; see LICENSE-RECONFIG.txt / THIRD_PARTY_NOTICES.md
modules/internal/src/main/kotlin/org/polyfrost/oneconfig/internal/ui/hud/screens/HudDesignStudio.kt	ReConfig by duv14 incorporates OneConfig by Polyfrost and contributors.	Original file notices and third-party rights preserved; see LICENSE-RECONFIG.txt / THIRD_PARTY_NOTICES.md
modules/internal/src/main/kotlin/org/polyfrost/oneconfig/internal/ui/hud/screens/sections/Designer.kt	ReConfig by duv14 incorporates OneConfig by Polyfrost and contributors.	Original file notices and third-party rights preserved; see LICENSE-RECONFIG.txt / THIRD_PARTY_NOTICES.md
modules/internal/src/main/kotlin/org/polyfrost/oneconfig/internal/ui/hud/screens/sections/Settings.kt	ReConfig by duv14 incorporates OneConfig by Polyfrost and contributors.	Original file notices and third-party rights preserved; see LICENSE-RECONFIG.txt / THIRD_PARTY_NOTICES.md
modules/internal/src/main/kotlin/org/polyfrost/oneconfig/internal/ui/keybind/KeybindCatalog.kt	ReConfig by duv14 incorporates OneConfig by Polyfrost and contributors.	Original file notices and third-party rights preserved; see LICENSE-RECONFIG.txt / THIRD_PARTY_NOTICES.md
modules/internal/src/main/kotlin/org/polyfrost/oneconfig/internal/ui/keybind/KeybindGroupCollapseStore.kt	ReConfig by duv14 incorporates OneConfig by Polyfrost and contributors.	Original file notices and third-party rights preserved; see LICENSE-RECONFIG.txt / THIRD_PARTY_NOTICES.md
modules/internal/src/main/kotlin/org/polyfrost/oneconfig/internal/ui/keybind/KeybindRecordingBus.kt	ReConfig by duv14 incorporates OneConfig by Polyfrost and contributors.	Original file notices and third-party rights preserved; see LICENSE-RECONFIG.txt / THIRD_PARTY_NOTICES.md
modules/internal/src/main/kotlin/org/polyfrost/oneconfig/internal/ui/keybind/MinecraftKeybindRegistrar.kt	ReConfig by duv14 incorporates OneConfig by Polyfrost and contributors.	Original file notices and third-party rights preserved; see LICENSE-RECONFIG.txt / THIRD_PARTY_NOTICES.md
modules/internal/src/main/kotlin/org/polyfrost/oneconfig/internal/ui/navigation/Navigation.kt	ReConfig by duv14 incorporates OneConfig by Polyfrost and contributors.	Original file notices and third-party rights preserved; see LICENSE-RECONFIG.txt / THIRD_PARTY_NOTICES.md
modules/internal/src/main/kotlin/org/polyfrost/oneconfig/internal/ui/navigation/Routes.kt	ReConfig by duv14 incorporates OneConfig by Polyfrost and contributors.	Original file notices and third-party rights preserved; see LICENSE-RECONFIG.txt / THIRD_PARTY_NOTICES.md
modules/internal/src/main/kotlin/org/polyfrost/oneconfig/internal/ui/navigation/graph/Changelog.kt	ReConfig by duv14 incorporates OneConfig by Polyfrost and contributors.	Original file notices and third-party rights preserved; see LICENSE-RECONFIG.txt / THIRD_PARTY_NOTICES.md
modules/internal/src/main/kotlin/org/polyfrost/oneconfig/internal/ui/navigation/graph/Credits.kt	ReConfig by duv14 incorporates OneConfig by Polyfrost and contributors.	Original file notices and third-party rights preserved; see LICENSE-RECONFIG.txt / THIRD_PARTY_NOTICES.md
modules/internal/src/main/kotlin/org/polyfrost/oneconfig/internal/ui/navigation/graph/Keybinds.kt	ReConfig by duv14 incorporates OneConfig by Polyfrost and contributors.	Original file notices and third-party rights preserved; see LICENSE-RECONFIG.txt / THIRD_PARTY_NOTICES.md
modules/internal/src/main/kotlin/org/polyfrost/oneconfig/internal/ui/navigation/graph/Mods.kt	ReConfig by duv14 incorporates OneConfig by Polyfrost and contributors.	Original file notices and third-party rights preserved; see LICENSE-RECONFIG.txt / THIRD_PARTY_NOTICES.md
modules/internal/src/main/kotlin/org/polyfrost/oneconfig/internal/ui/navigation/graph/Preferences.kt	ReConfig by duv14 incorporates OneConfig by Polyfrost and contributors.	Original file notices and third-party rights preserved; see LICENSE-RECONFIG.txt / THIRD_PARTY_NOTICES.md
modules/internal/src/main/kotlin/org/polyfrost/oneconfig/internal/ui/navigation/graph/Profiles.kt	ReConfig by duv14 incorporates OneConfig by Polyfrost and contributors.	Original file notices and third-party rights preserved; see LICENSE-RECONFIG.txt / THIRD_PARTY_NOTICES.md
modules/internal/src/main/kotlin/org/polyfrost/oneconfig/internal/ui/navigation/graph/ReConfigClient.kt	ReConfig by duv14 incorporates OneConfig by Polyfrost and contributors.	Original file notices and third-party rights preserved; see LICENSE-RECONFIG.txt / THIRD_PARTY_NOTICES.md
modules/internal/src/main/kotlin/org/polyfrost/oneconfig/internal/ui/navigation/graph/Social.kt	ReConfig by duv14 incorporates OneConfig by Polyfrost and contributors.	Original file notices and third-party rights preserved; see LICENSE-RECONFIG.txt / THIRD_PARTY_NOTICES.md
modules/internal/src/main/kotlin/org/polyfrost/oneconfig/internal/ui/navigation/graph/Themes.kt	ReConfig by duv14 incorporates OneConfig by Polyfrost and contributors.	Original file notices and third-party rights preserved; see LICENSE-RECONFIG.txt / THIRD_PARTY_NOTICES.md
modules/internal/src/main/kotlin/org/polyfrost/oneconfig/internal/ui/screens/Changelog.kt	ReConfig by duv14 incorporates OneConfig by Polyfrost and contributors.	Original file notices and third-party rights preserved; see LICENSE-RECONFIG.txt / THIRD_PARTY_NOTICES.md
modules/internal/src/main/kotlin/org/polyfrost/oneconfig/internal/ui/screens/CombatEditors.kt	ReConfig by duv14 incorporates OneConfig by Polyfrost and contributors.	Original file notices and third-party rights preserved; see LICENSE-RECONFIG.txt / THIRD_PARTY_NOTICES.md
modules/internal/src/main/kotlin/org/polyfrost/oneconfig/internal/ui/screens/ConfigScreen.kt	ReConfig by duv14 incorporates OneConfig by Polyfrost and contributors.	Original file notices and third-party rights preserved; see LICENSE-RECONFIG.txt / THIRD_PARTY_NOTICES.md
modules/internal/src/main/kotlin/org/polyfrost/oneconfig/internal/ui/screens/Credits.kt	ReConfig by duv14 incorporates OneConfig by Polyfrost and contributors.	Original file notices and third-party rights preserved; see LICENSE-RECONFIG.txt / THIRD_PARTY_NOTICES.md
modules/internal/src/main/kotlin/org/polyfrost/oneconfig/internal/ui/screens/CrosshairPreview.kt	ReConfig by duv14 incorporates OneConfig by Polyfrost and contributors.	Original file notices and third-party rights preserved; see LICENSE-RECONFIG.txt / THIRD_PARTY_NOTICES.md
modules/internal/src/main/kotlin/org/polyfrost/oneconfig/internal/ui/screens/Keybinds.kt	ReConfig by duv14 incorporates OneConfig by Polyfrost and contributors.	Original file notices and third-party rights preserved; see LICENSE-RECONFIG.txt / THIRD_PARTY_NOTICES.md
modules/internal/src/main/kotlin/org/polyfrost/oneconfig/internal/ui/screens/ModConfig.kt	ReConfig by duv14 incorporates OneConfig by Polyfrost and contributors.	Original file notices and third-party rights preserved; see LICENSE-RECONFIG.txt / THIRD_PARTY_NOTICES.md
modules/internal/src/main/kotlin/org/polyfrost/oneconfig/internal/ui/screens/Mods.kt	ReConfig by duv14 incorporates OneConfig by Polyfrost and contributors.	Original file notices and third-party rights preserved; see LICENSE-RECONFIG.txt / THIRD_PARTY_NOTICES.md
modules/internal/src/main/kotlin/org/polyfrost/oneconfig/internal/ui/screens/Preferences.kt	ReConfig by duv14 incorporates OneConfig by Polyfrost and contributors.	Original file notices and third-party rights preserved; see LICENSE-RECONFIG.txt / THIRD_PARTY_NOTICES.md
modules/internal/src/main/kotlin/org/polyfrost/oneconfig/internal/ui/screens/Profiles.kt	ReConfig by duv14 incorporates OneConfig by Polyfrost and contributors.	Original file notices and third-party rights preserved; see LICENSE-RECONFIG.txt / THIRD_PARTY_NOTICES.md
modules/internal/src/main/kotlin/org/polyfrost/oneconfig/internal/ui/screens/ReConfigModules.kt	ReConfig by duv14 incorporates OneConfig by Polyfrost and contributors.	Original file notices and third-party rights preserved; see LICENSE-RECONFIG.txt / THIRD_PARTY_NOTICES.md
modules/internal/src/main/kotlin/org/polyfrost/oneconfig/internal/ui/screens/ReConfigSocial.kt	ReConfig by duv14 incorporates OneConfig by Polyfrost and contributors.	Original file notices and third-party rights preserved; see LICENSE-RECONFIG.txt / THIRD_PARTY_NOTICES.md
modules/internal/src/main/kotlin/org/polyfrost/oneconfig/internal/ui/screens/SearchResultsScreen.kt	ReConfig by duv14 incorporates OneConfig by Polyfrost and contributors.	Original file notices and third-party rights preserved; see LICENSE-RECONFIG.txt / THIRD_PARTY_NOTICES.md
modules/internal/src/main/kotlin/org/polyfrost/oneconfig/internal/ui/screens/Themes.kt	ReConfig by duv14 incorporates OneConfig by Polyfrost and contributors.	Original file notices and third-party rights preserved; see LICENSE-RECONFIG.txt / THIRD_PARTY_NOTICES.md
modules/internal/src/main/kotlin/org/polyfrost/oneconfig/internal/ui/screens/WaypointManager.kt	ReConfig by duv14 incorporates OneConfig by Polyfrost and contributors.	Original file notices and third-party rights preserved; see LICENSE-RECONFIG.txt / THIRD_PARTY_NOTICES.md
modules/internal/src/main/kotlin/org/polyfrost/oneconfig/internal/ui/search/ConfigDocuments.kt	ReConfig by duv14 incorporates OneConfig by Polyfrost and contributors.	Original file notices and third-party rights preserved; see LICENSE-RECONFIG.txt / THIRD_PARTY_NOTICES.md
modules/internal/src/main/kotlin/org/polyfrost/oneconfig/internal/ui/search/DefaultSearchProvider.kt	ReConfig by duv14 incorporates OneConfig by Polyfrost and contributors.	Original file notices and third-party rights preserved; see LICENSE-RECONFIG.txt / THIRD_PARTY_NOTICES.md
modules/internal/src/main/kotlin/org/polyfrost/oneconfig/internal/ui/search/SearchCorpus.kt	ReConfig by duv14 incorporates OneConfig by Polyfrost and contributors.	Original file notices and third-party rights preserved; see LICENSE-RECONFIG.txt / THIRD_PARTY_NOTICES.md
modules/internal/src/main/kotlin/org/polyfrost/oneconfig/internal/ui/search/SearchDocument.kt	ReConfig by duv14 incorporates OneConfig by Polyfrost and contributors.	Original file notices and third-party rights preserved; see LICENSE-RECONFIG.txt / THIRD_PARTY_NOTICES.md
modules/internal/src/main/kotlin/org/polyfrost/oneconfig/internal/ui/search/SearchProvider.kt	ReConfig by duv14 incorporates OneConfig by Polyfrost and contributors.	Original file notices and third-party rights preserved; see LICENSE-RECONFIG.txt / THIRD_PARTY_NOTICES.md
modules/internal/src/main/kotlin/org/polyfrost/oneconfig/internal/ui/search/SearchProviderRegistry.kt	ReConfig by duv14 incorporates OneConfig by Polyfrost and contributors.	Original file notices and third-party rights preserved; see LICENSE-RECONFIG.txt / THIRD_PARTY_NOTICES.md
modules/internal/src/main/kotlin/org/polyfrost/oneconfig/internal/ui/search/SettingIndex.kt	ReConfig by duv14 incorporates OneConfig by Polyfrost and contributors.	Original file notices and third-party rights preserved; see LICENSE-RECONFIG.txt / THIRD_PARTY_NOTICES.md
modules/internal/src/main/kotlin/org/polyfrost/oneconfig/internal/ui/shell/Data.kt	ReConfig by duv14 incorporates OneConfig by Polyfrost and contributors.	Original file notices and third-party rights preserved; see LICENSE-RECONFIG.txt / THIRD_PARTY_NOTICES.md
modules/internal/src/main/kotlin/org/polyfrost/oneconfig/internal/ui/shell/ScrollMemory.kt	ReConfig by duv14 incorporates OneConfig by Polyfrost and contributors.	Original file notices and third-party rights preserved; see LICENSE-RECONFIG.txt / THIRD_PARTY_NOTICES.md
modules/internal/src/main/kotlin/org/polyfrost/oneconfig/internal/ui/shell/Shell.kt	ReConfig by duv14 incorporates OneConfig by Polyfrost and contributors.	Original file notices and third-party rights preserved; see LICENSE-RECONFIG.txt / THIRD_PARTY_NOTICES.md
modules/internal/src/main/kotlin/org/polyfrost/oneconfig/internal/ui/sound/UiSoundEvent.kt	ReConfig by duv14 incorporates OneConfig by Polyfrost and contributors.	Original file notices and third-party rights preserved; see LICENSE-RECONFIG.txt / THIRD_PARTY_NOTICES.md
modules/internal/src/main/kotlin/org/polyfrost/oneconfig/internal/ui/sound/UiSoundService.kt	ReConfig by duv14 incorporates OneConfig by Polyfrost and contributors.	Original file notices and third-party rights preserved; see LICENSE-RECONFIG.txt / THIRD_PARTY_NOTICES.md
modules/internal/src/main/kotlin/org/polyfrost/oneconfig/internal/ui/sound/UiSoundTheme.kt	ReConfig by duv14 incorporates OneConfig by Polyfrost and contributors.	Original file notices and third-party rights preserved; see LICENSE-RECONFIG.txt / THIRD_PARTY_NOTICES.md
modules/internal/src/main/kotlin/org/polyfrost/oneconfig/internal/ui/sound/UiSounds.kt	ReConfig by duv14 incorporates OneConfig by Polyfrost and contributors.	Original file notices and third-party rights preserved; see LICENSE-RECONFIG.txt / THIRD_PARTY_NOTICES.md
modules/internal/src/main/kotlin/org/polyfrost/oneconfig/internal/ui/themes/AnimatedTheme.kt	ReConfig by duv14 incorporates OneConfig by Polyfrost and contributors.	Original file notices and third-party rights preserved; see LICENSE-RECONFIG.txt / THIRD_PARTY_NOTICES.md
modules/internal/src/main/kotlin/org/polyfrost/oneconfig/internal/ui/themes/Impls.kt	ReConfig by duv14 incorporates OneConfig by Polyfrost and contributors.	Original file notices and third-party rights preserved; see LICENSE-RECONFIG.txt / THIRD_PARTY_NOTICES.md
modules/internal/src/main/kotlin/org/polyfrost/oneconfig/internal/ui/themes/Provider.kt	ReConfig by duv14 incorporates OneConfig by Polyfrost and contributors.	Original file notices and third-party rights preserved; see LICENSE-RECONFIG.txt / THIRD_PARTY_NOTICES.md
modules/internal/src/main/kotlin/org/polyfrost/oneconfig/internal/ui/themes/Radii.kt	ReConfig by duv14 incorporates OneConfig by Polyfrost and contributors.	Original file notices and third-party rights preserved; see LICENSE-RECONFIG.txt / THIRD_PARTY_NOTICES.md
modules/internal/src/main/kotlin/org/polyfrost/oneconfig/internal/ui/themes/Structs.kt	ReConfig by duv14 incorporates OneConfig by Polyfrost and contributors.	Original file notices and third-party rights preserved; see LICENSE-RECONFIG.txt / THIRD_PARTY_NOTICES.md
modules/internal/src/main/kotlin/org/polyfrost/oneconfig/internal/ui/themes/ThemeRegistry.kt	ReConfig by duv14 incorporates OneConfig by Polyfrost and contributors.	Original file notices and third-party rights preserved; see LICENSE-RECONFIG.txt / THIRD_PARTY_NOTICES.md
modules/internal/src/main/kotlin/org/polyfrost/oneconfig/internal/ui/util/CachedDropShadow.kt	ReConfig by duv14 incorporates OneConfig by Polyfrost and contributors.	Original file notices and third-party rights preserved; see LICENSE-RECONFIG.txt / THIRD_PARTY_NOTICES.md
modules/internal/src/main/kotlin/org/polyfrost/oneconfig/internal/ui/util/LayoutRef.kt	ReConfig by duv14 incorporates OneConfig by Polyfrost and contributors.	Original file notices and third-party rights preserved; see LICENSE-RECONFIG.txt / THIRD_PARTY_NOTICES.md
modules/internal/src/main/resources/assets/oneconfig/brand/atmofrost.svg	ReConfig by duv14 incorporates OneConfig by Polyfrost and contributors.	Original file notices and third-party rights preserved; see LICENSE-RECONFIG.txt / THIRD_PARTY_NOTICES.md
modules/internal/src/main/resources/assets/oneconfig/brand/by-polyfrost.svg	ReConfig by duv14 incorporates OneConfig by Polyfrost and contributors.	Original file notices and third-party rights preserved; see LICENSE-RECONFIG.txt / THIRD_PARTY_NOTICES.md
modules/internal/src/main/resources/assets/oneconfig/brand/oneconfig.svg	ReConfig by duv14 incorporates OneConfig by Polyfrost and contributors.	Original file notices and third-party rights preserved; see LICENSE-RECONFIG.txt / THIRD_PARTY_NOTICES.md
modules/internal/src/main/resources/assets/oneconfig/brand/polyfrost.png	ReConfig by duv14 incorporates OneConfig by Polyfrost and contributors.	Original file notices and third-party rights preserved; see LICENSE-RECONFIG.txt / THIRD_PARTY_NOTICES.md
modules/internal/src/main/resources/assets/oneconfig/brand/reconfig-logo.png	ReConfig by duv14 incorporates OneConfig by Polyfrost and contributors.	Original file notices and third-party rights preserved; see LICENSE-RECONFIG.txt / THIRD_PARTY_NOTICES.md
modules/internal/src/main/resources/assets/oneconfig/brand/reconfig-wordmark.png	ReConfig by duv14 incorporates OneConfig by Polyfrost and contributors.	Original file notices and third-party rights preserved; see LICENSE-RECONFIG.txt / THIRD_PARTY_NOTICES.md
modules/internal/src/main/resources/assets/oneconfig/en_default.lang	ReConfig by duv14 incorporates OneConfig by Polyfrost and contributors.	Original file notices and third-party rights preserved; see LICENSE-RECONFIG.txt / THIRD_PARTY_NOTICES.md
modules/internal/src/main/resources/assets/oneconfig/fonts/ReConfig/BricolageGrotesque.ttf	ReConfig by duv14 incorporates OneConfig by Polyfrost and contributors.	Original file notices and third-party rights preserved; see LICENSE-RECONFIG.txt / THIRD_PARTY_NOTICES.md
modules/internal/src/main/resources/assets/oneconfig/fonts/ReConfig/OFL.txt	ReConfig by duv14 incorporates OneConfig by Polyfrost and contributors.	Original file notices and third-party rights preserved; see LICENSE-RECONFIG.txt / THIRD_PARTY_NOTICES.md
modules/internal/src/main/resources/assets/oneconfig/ico/default_mod.svg	ReConfig by duv14 incorporates OneConfig by Polyfrost and contributors.	Original file notices and third-party rights preserved; see LICENSE-RECONFIG.txt / THIRD_PARTY_NOTICES.md
modules/internal/src/main/resources/assets/oneconfig/ico/reconfig-modules/LUCIDE-LICENSE.txt	ReConfig by duv14 incorporates OneConfig by Polyfrost and contributors.	Original file notices and third-party rights preserved; see LICENSE-RECONFIG.txt / THIRD_PARTY_NOTICES.md
modules/internal/src/main/resources/assets/oneconfig/ico/reconfig-modules/armor-status.svg	ReConfig by duv14 incorporates OneConfig by Polyfrost and contributors.	Original file notices and third-party rights preserved; see LICENSE-RECONFIG.txt / THIRD_PARTY_NOTICES.md
modules/internal/src/main/resources/assets/oneconfig/ico/reconfig-modules/auto-text.svg	ReConfig by duv14 incorporates OneConfig by Polyfrost and contributors.	Original file notices and third-party rights preserved; see LICENSE-RECONFIG.txt / THIRD_PARTY_NOTICES.md
modules/internal/src/main/resources/assets/oneconfig/ico/reconfig-modules/better-sounds.svg	ReConfig by duv14 incorporates OneConfig by Polyfrost and contributors.	Original file notices and third-party rights preserved; see LICENSE-RECONFIG.txt / THIRD_PARTY_NOTICES.md
modules/internal/src/main/resources/assets/oneconfig/ico/reconfig-modules/changelog.svg	ReConfig by duv14 incorporates OneConfig by Polyfrost and contributors.	Original file notices and third-party rights preserved; see LICENSE-RECONFIG.txt / THIRD_PARTY_NOTICES.md
modules/internal/src/main/resources/assets/oneconfig/ico/reconfig-modules/combo-counter.svg	ReConfig by duv14 incorporates OneConfig by Polyfrost and contributors.	Original file notices and third-party rights preserved; see LICENSE-RECONFIG.txt / THIRD_PARTY_NOTICES.md
modules/internal/src/main/resources/assets/oneconfig/ico/reconfig-modules/coordinates.svg	ReConfig by duv14 incorporates OneConfig by Polyfrost and contributors.	Original file notices and third-party rights preserved; see LICENSE-RECONFIG.txt / THIRD_PARTY_NOTICES.md
modules/internal/src/main/resources/assets/oneconfig/ico/reconfig-modules/cps.svg	ReConfig by duv14 incorporates OneConfig by Polyfrost and contributors.	Original file notices and third-party rights preserved; see LICENSE-RECONFIG.txt / THIRD_PARTY_NOTICES.md
modules/internal/src/main/resources/assets/oneconfig/ico/reconfig-modules/custom-crosshair.svg	ReConfig by duv14 incorporates OneConfig by Polyfrost and contributors.	Original file notices and third-party rights preserved; see LICENSE-RECONFIG.txt / THIRD_PARTY_NOTICES.md
modules/internal/src/main/resources/assets/oneconfig/ico/reconfig-modules/effect-status.svg	ReConfig by duv14 incorporates OneConfig by Polyfrost and contributors.	Original file notices and third-party rights preserved; see LICENSE-RECONFIG.txt / THIRD_PARTY_NOTICES.md
modules/internal/src/main/resources/assets/oneconfig/ico/reconfig-modules/fog-customizer.svg	ReConfig by duv14 incorporates OneConfig by Polyfrost and contributors.	Original file notices and third-party rights preserved; see LICENSE-RECONFIG.txt / THIRD_PARTY_NOTICES.md
modules/internal/src/main/resources/assets/oneconfig/ico/reconfig-modules/fov-changer.svg	ReConfig by duv14 incorporates OneConfig by Polyfrost and contributors.	Original file notices and third-party rights preserved; see LICENSE-RECONFIG.txt / THIRD_PARTY_NOTICES.md
modules/internal/src/main/resources/assets/oneconfig/ico/reconfig-modules/fps.svg	ReConfig by duv14 incorporates OneConfig by Polyfrost and contributors.	Original file notices and third-party rights preserved; see LICENSE-RECONFIG.txt / THIRD_PARTY_NOTICES.md
modules/internal/src/main/resources/assets/oneconfig/ico/reconfig-modules/freelook.svg	ReConfig by duv14 incorporates OneConfig by Polyfrost and contributors.	Original file notices and third-party rights preserved; see LICENSE-RECONFIG.txt / THIRD_PARTY_NOTICES.md
modules/internal/src/main/resources/assets/oneconfig/ico/reconfig-modules/fullbright.svg	ReConfig by duv14 incorporates OneConfig by Polyfrost and contributors.	Original file notices and third-party rights preserved; see LICENSE-RECONFIG.txt / THIRD_PARTY_NOTICES.md
modules/internal/src/main/resources/assets/oneconfig/ico/reconfig-modules/hit-color.svg	ReConfig by duv14 incorporates OneConfig by Polyfrost and contributors.	Original file notices and third-party rights preserved; see LICENSE-RECONFIG.txt / THIRD_PARTY_NOTICES.md
modules/internal/src/main/resources/assets/oneconfig/ico/reconfig-modules/hitbox.svg	ReConfig by duv14 incorporates OneConfig by Polyfrost and contributors.	Original file notices and third-party rights preserved; see LICENSE-RECONFIG.txt / THIRD_PARTY_NOTICES.md
modules/internal/src/main/resources/assets/oneconfig/ico/reconfig-modules/hurt-cam.svg	ReConfig by duv14 incorporates OneConfig by Polyfrost and contributors.	Original file notices and third-party rights preserved; see LICENSE-RECONFIG.txt / THIRD_PARTY_NOTICES.md
modules/internal/src/main/resources/assets/oneconfig/ico/reconfig-modules/inventory-hud.svg	ReConfig by duv14 incorporates OneConfig by Polyfrost and contributors.	Original file notices and third-party rights preserved; see LICENSE-RECONFIG.txt / THIRD_PARTY_NOTICES.md
modules/internal/src/main/resources/assets/oneconfig/ico/reconfig-modules/item-counter.svg	ReConfig by duv14 incorporates OneConfig by Polyfrost and contributors.	Original file notices and third-party rights preserved; see LICENSE-RECONFIG.txt / THIRD_PARTY_NOTICES.md
modules/internal/src/main/resources/assets/oneconfig/ico/reconfig-modules/keystrokes.svg	ReConfig by duv14 incorporates OneConfig by Polyfrost and contributors.	Original file notices and third-party rights preserved; see LICENSE-RECONFIG.txt / THIRD_PARTY_NOTICES.md
modules/internal/src/main/resources/assets/oneconfig/ico/reconfig-modules/memory-monitor.svg	ReConfig by duv14 incorporates OneConfig by Polyfrost and contributors.	Original file notices and third-party rights preserved; see LICENSE-RECONFIG.txt / THIRD_PARTY_NOTICES.md
modules/internal/src/main/resources/assets/oneconfig/ico/reconfig-modules/motion-blur-new.svg	ReConfig by duv14 incorporates OneConfig by Polyfrost and contributors.	Original file notices and third-party rights preserved; see LICENSE-RECONFIG.txt / THIRD_PARTY_NOTICES.md
modules/internal/src/main/resources/assets/oneconfig/ico/reconfig-modules/nick-hider.svg	ReConfig by duv14 incorporates OneConfig by Polyfrost and contributors.	Original file notices and third-party rights preserved; see LICENSE-RECONFIG.txt / THIRD_PARTY_NOTICES.md
modules/internal/src/main/resources/assets/oneconfig/ico/reconfig-modules/particle-changer.svg	ReConfig by duv14 incorporates OneConfig by Polyfrost and contributors.	Original file notices and third-party rights preserved; see LICENSE-RECONFIG.txt / THIRD_PARTY_NOTICES.md
modules/internal/src/main/resources/assets/oneconfig/ico/reconfig-modules/pearl-optimizer.svg	ReConfig by duv14 incorporates OneConfig by Polyfrost and contributors.	Original file notices and third-party rights preserved; see LICENSE-RECONFIG.txt / THIRD_PARTY_NOTICES.md
modules/internal/src/main/resources/assets/oneconfig/ico/reconfig-modules/server-status.svg	ReConfig by duv14 incorporates OneConfig by Polyfrost and contributors.	Original file notices and third-party rights preserved; see LICENSE-RECONFIG.txt / THIRD_PARTY_NOTICES.md
modules/internal/src/main/resources/assets/oneconfig/ico/reconfig-modules/streamer-mode.svg	ReConfig by duv14 incorporates OneConfig by Polyfrost and contributors.	Original file notices and third-party rights preserved; see LICENSE-RECONFIG.txt / THIRD_PARTY_NOTICES.md
modules/internal/src/main/resources/assets/oneconfig/ico/reconfig-modules/team-highlight.svg	ReConfig by duv14 incorporates OneConfig by Polyfrost and contributors.	Original file notices and third-party rights preserved; see LICENSE-RECONFIG.txt / THIRD_PARTY_NOTICES.md
modules/internal/src/main/resources/assets/oneconfig/ico/reconfig-modules/toggle-sneak.svg	ReConfig by duv14 incorporates OneConfig by Polyfrost and contributors.	Original file notices and third-party rights preserved; see LICENSE-RECONFIG.txt / THIRD_PARTY_NOTICES.md
modules/internal/src/main/resources/assets/oneconfig/ico/reconfig-modules/toggle-sprint.svg	ReConfig by duv14 incorporates OneConfig by Polyfrost and contributors.	Original file notices and third-party rights preserved; see LICENSE-RECONFIG.txt / THIRD_PARTY_NOTICES.md
modules/internal/src/main/resources/assets/oneconfig/ico/reconfig-modules/waila.svg	ReConfig by duv14 incorporates OneConfig by Polyfrost and contributors.	Original file notices and third-party rights preserved; see LICENSE-RECONFIG.txt / THIRD_PARTY_NOTICES.md
modules/internal/src/main/resources/assets/oneconfig/ico/reconfig-modules/waypoints.svg	ReConfig by duv14 incorporates OneConfig by Polyfrost and contributors.	Original file notices and third-party rights preserved; see LICENSE-RECONFIG.txt / THIRD_PARTY_NOTICES.md
modules/internal/src/main/resources/assets/oneconfig/ico/reconfig-modules/weather-changer.svg	ReConfig by duv14 incorporates OneConfig by Polyfrost and contributors.	Original file notices and third-party rights preserved; see LICENSE-RECONFIG.txt / THIRD_PARTY_NOTICES.md
modules/internal/src/main/resources/assets/oneconfig/ico/reconfig-modules/wind-charge-optimizer.svg	ReConfig by duv14 incorporates OneConfig by Polyfrost and contributors.	Original file notices and third-party rights preserved; see LICENSE-RECONFIG.txt / THIRD_PARTY_NOTICES.md
modules/internal/src/main/resources/assets/oneconfig/ico/reconfig-modules/zoom.svg	ReConfig by duv14 incorporates OneConfig by Polyfrost and contributors.	Original file notices and third-party rights preserved; see LICENSE-RECONFIG.txt / THIRD_PARTY_NOTICES.md
modules/internal/src/main/resources/assets/oneconfig/images/head.png	ReConfig by duv14 incorporates OneConfig by Polyfrost and contributors.	Original file notices and third-party rights preserved; see LICENSE-RECONFIG.txt / THIRD_PARTY_NOTICES.md
modules/internal/src/main/resources/assets/oneconfig/images/header.png	ReConfig by duv14 incorporates OneConfig by Polyfrost and contributors.	Original file notices and third-party rights preserved; see LICENSE-RECONFIG.txt / THIRD_PARTY_NOTICES.md
modules/internal/src/main/resources/assets/oneconfig/images/minecraft-dark.svg	ReConfig by duv14 incorporates OneConfig by Polyfrost and contributors.	Original file notices and third-party rights preserved; see LICENSE-RECONFIG.txt / THIRD_PARTY_NOTICES.md
modules/internal/src/main/resources/assets/oneconfig/images/minecraft-light.svg	ReConfig by duv14 incorporates OneConfig by Polyfrost and contributors.	Original file notices and third-party rights preserved; see LICENSE-RECONFIG.txt / THIRD_PARTY_NOTICES.md
modules/internal/src/main/resources/assets/oneconfig/images/polyglass-dark.svg	ReConfig by duv14 incorporates OneConfig by Polyfrost and contributors.	Original file notices and third-party rights preserved; see LICENSE-RECONFIG.txt / THIRD_PARTY_NOTICES.md
modules/internal/src/main/resources/assets/oneconfig/images/polyglass-light.svg	ReConfig by duv14 incorporates OneConfig by Polyfrost and contributors.	Original file notices and third-party rights preserved; see LICENSE-RECONFIG.txt / THIRD_PARTY_NOTICES.md
modules/internal/src/main/resources/assets/oneconfig/sounds/reconfig_close.ogg	ReConfig by duv14 incorporates OneConfig by Polyfrost and contributors.	Original file notices and third-party rights preserved; see LICENSE-RECONFIG.txt / THIRD_PARTY_NOTICES.md
modules/internal/src/main/resources/assets/oneconfig/sounds/reconfig_notification.ogg	ReConfig by duv14 incorporates OneConfig by Polyfrost and contributors.	Original file notices and third-party rights preserved; see LICENSE-RECONFIG.txt / THIRD_PARTY_NOTICES.md
modules/internal/src/main/resources/assets/oneconfig/sounds/reconfig_open.ogg	ReConfig by duv14 incorporates OneConfig by Polyfrost and contributors.	Original file notices and third-party rights preserved; see LICENSE-RECONFIG.txt / THIRD_PARTY_NOTICES.md
modules/internal/src/test/java/org/polyfrost/oneconfig/internal/ui/TestCompatibilityPlatform.java	ReConfig by duv14 incorporates OneConfig by Polyfrost and contributors.	Original file notices and third-party rights preserved; see LICENSE-RECONFIG.txt / THIRD_PARTY_NOTICES.md
modules/internal/src/test/java/org/polyfrost/oneconfig/internal/ui/api/ModCardGroupingTest.java	ReConfig by duv14 incorporates OneConfig by Polyfrost and contributors.	Original file notices and third-party rights preserved; see LICENSE-RECONFIG.txt / THIRD_PARTY_NOTICES.md
modules/internal/src/test/java/org/polyfrost/oneconfig/internal/ui/api/settings/ItemListOptionDataTest.java	ReConfig by duv14 incorporates OneConfig by Polyfrost and contributors.	Original file notices and third-party rights preserved; see LICENSE-RECONFIG.txt / THIRD_PARTY_NOTICES.md
modules/internal/src/test/java/org/polyfrost/oneconfig/internal/ui/components/item/ItemSelectionTest.java	ReConfig by duv14 incorporates OneConfig by Polyfrost and contributors.	Original file notices and third-party rights preserved; see LICENSE-RECONFIG.txt / THIRD_PARTY_NOTICES.md
modules/internal/src/test/java/org/polyfrost/oneconfig/internal/ui/hud/HudModCardDataTest.java	ReConfig by duv14 incorporates OneConfig by Polyfrost and contributors.	Original file notices and third-party rights preserved; see LICENSE-RECONFIG.txt / THIRD_PARTY_NOTICES.md
modules/internal/src/test/java/org/polyfrost/oneconfig/internal/ui/themes/PixelGridScaleTest.java	ReConfig by duv14 incorporates OneConfig by Polyfrost and contributors.	Original file notices and third-party rights preserved; see LICENSE-RECONFIG.txt / THIRD_PARTY_NOTICES.md
modules/internal/src/test/resources/META-INF/services/org.polyfrost.oneconfig.api.platform.v1.CompatibilityPlatform	ReConfig by duv14 incorporates OneConfig by Polyfrost and contributors.	Original file notices and third-party rights preserved; see LICENSE-RECONFIG.txt / THIRD_PARTY_NOTICES.md
modules/notifications/api/notifications.api	ReConfig by duv14 incorporates OneConfig by Polyfrost and contributors.	Original file notices and third-party rights preserved; see LICENSE-RECONFIG.txt / THIRD_PARTY_NOTICES.md
modules/notifications/build.gradle.kts	ReConfig by duv14 incorporates OneConfig by Polyfrost and contributors.	Original file notices and third-party rights preserved; see LICENSE-RECONFIG.txt / THIRD_PARTY_NOTICES.md
modules/notifications/src/main/kotlin/org/polyfrost/oneconfig/api/notifications/v1/Notification.kt	ReConfig by duv14 incorporates OneConfig by Polyfrost and contributors.	Original file notices and third-party rights preserved; see LICENSE-RECONFIG.txt / THIRD_PARTY_NOTICES.md
modules/notifications/src/main/kotlin/org/polyfrost/oneconfig/api/notifications/v1/NotificationTheme.kt	ReConfig by duv14 incorporates OneConfig by Polyfrost and contributors.	Original file notices and third-party rights preserved; see LICENSE-RECONFIG.txt / THIRD_PARTY_NOTICES.md
modules/notifications/src/main/kotlin/org/polyfrost/oneconfig/api/notifications/v1/NotificationToasts.kt	ReConfig by duv14 incorporates OneConfig by Polyfrost and contributors.	Original file notices and third-party rights preserved; see LICENSE-RECONFIG.txt / THIRD_PARTY_NOTICES.md
modules/notifications/src/main/kotlin/org/polyfrost/oneconfig/api/notifications/v1/Notifications.kt	ReConfig by duv14 incorporates OneConfig by Polyfrost and contributors.	Original file notices and third-party rights preserved; see LICENSE-RECONFIG.txt / THIRD_PARTY_NOTICES.md
modules/notifications/src/main/kotlin/org/polyfrost/oneconfig/api/notifications/v1/NotificationsManager.kt	ReConfig by duv14 incorporates OneConfig by Polyfrost and contributors.	Original file notices and third-party rights preserved; see LICENSE-RECONFIG.txt / THIRD_PARTY_NOTICES.md
modules/notifications/src/main/kotlin/org/polyfrost/oneconfig/api/notifications/v1/NotificationsRenderer.kt	ReConfig by duv14 incorporates OneConfig by Polyfrost and contributors.	Original file notices and third-party rights preserved; see LICENSE-RECONFIG.txt / THIRD_PARTY_NOTICES.md
modules/notifications/src/main/kotlin/org/polyfrost/oneconfig/api/notifications/v1/SvgRasterizer.kt	ReConfig by duv14 incorporates OneConfig by Polyfrost and contributors.	Original file notices and third-party rights preserved; see LICENSE-RECONFIG.txt / THIRD_PARTY_NOTICES.md
modules/notifications/src/main/kotlin/org/polyfrost/oneconfig/api/notifications/v1/ToastInput.kt	ReConfig by duv14 incorporates OneConfig by Polyfrost and contributors.	Original file notices and third-party rights preserved; see LICENSE-RECONFIG.txt / THIRD_PARTY_NOTICES.md
modules/poly-compose/api/poly-compose.api	ReConfig by duv14 incorporates OneConfig by Polyfrost and contributors.	Original file notices and third-party rights preserved; see LICENSE-RECONFIG.txt / THIRD_PARTY_NOTICES.md
modules/poly-compose/build.gradle.kts	ReConfig by duv14 incorporates OneConfig by Polyfrost and contributors.	Original file notices and third-party rights preserved; see LICENSE-RECONFIG.txt / THIRD_PARTY_NOTICES.md
modules/poly-compose/src/main/kotlin/org/polyfrost/compose/composables/Composables.kt	ReConfig by duv14 incorporates OneConfig by Polyfrost and contributors.	Original file notices and third-party rights preserved; see LICENSE-RECONFIG.txt / THIRD_PARTY_NOTICES.md
modules/poly-compose/src/main/kotlin/org/polyfrost/compose/composables/PolyModifier.kt	ReConfig by duv14 incorporates OneConfig by Polyfrost and contributors.	Original file notices and third-party rights preserved; see LICENSE-RECONFIG.txt / THIRD_PARTY_NOTICES.md
modules/poly-compose/src/main/kotlin/org/polyfrost/compose/layout/Extensions.kt	ReConfig by duv14 incorporates OneConfig by Polyfrost and contributors.	Original file notices and third-party rights preserved; see LICENSE-RECONFIG.txt / THIRD_PARTY_NOTICES.md
modules/poly-compose/src/main/kotlin/org/polyfrost/compose/layout/PolyAlign.kt	ReConfig by duv14 incorporates OneConfig by Polyfrost and contributors.	Original file notices and third-party rights preserved; see LICENSE-RECONFIG.txt / THIRD_PARTY_NOTICES.md
modules/poly-compose/src/main/kotlin/org/polyfrost/compose/layout/PolyInsets.kt	ReConfig by duv14 incorporates OneConfig by Polyfrost and contributors.	Original file notices and third-party rights preserved; see LICENSE-RECONFIG.txt / THIRD_PARTY_NOTICES.md
modules/poly-compose/src/main/kotlin/org/polyfrost/compose/layout/PolyLayoutEngine.kt	ReConfig by duv14 incorporates OneConfig by Polyfrost and contributors.	Original file notices and third-party rights preserved; see LICENSE-RECONFIG.txt / THIRD_PARTY_NOTICES.md
modules/poly-compose/src/main/kotlin/org/polyfrost/compose/layout/PolyLayoutStyle.kt	ReConfig by duv14 incorporates OneConfig by Polyfrost and contributors.	Original file notices and third-party rights preserved; see LICENSE-RECONFIG.txt / THIRD_PARTY_NOTICES.md
modules/poly-compose/src/main/kotlin/org/polyfrost/compose/layout/PolyPositionMode.kt	ReConfig by duv14 incorporates OneConfig by Polyfrost and contributors.	Original file notices and third-party rights preserved; see LICENSE-RECONFIG.txt / THIRD_PARTY_NOTICES.md
modules/poly-compose/src/main/kotlin/org/polyfrost/compose/layout/PolySize.kt	ReConfig by duv14 incorporates OneConfig by Polyfrost and contributors.	Original file notices and third-party rights preserved; see LICENSE-RECONFIG.txt / THIRD_PARTY_NOTICES.md
modules/poly-compose/src/main/kotlin/org/polyfrost/compose/layout/TextAlign.kt	ReConfig by duv14 incorporates OneConfig by Polyfrost and contributors.	Original file notices and third-party rights preserved; see LICENSE-RECONFIG.txt / THIRD_PARTY_NOTICES.md
modules/poly-compose/src/main/kotlin/org/polyfrost/compose/layout/TextOverflow.kt	ReConfig by duv14 incorporates OneConfig by Polyfrost and contributors.	Original file notices and third-party rights preserved; see LICENSE-RECONFIG.txt / THIRD_PARTY_NOTICES.md
modules/poly-compose/src/main/kotlin/org/polyfrost/compose/mc/McFontQueue.kt	ReConfig by duv14 incorporates OneConfig by Polyfrost and contributors.	Original file notices and third-party rights preserved; see LICENSE-RECONFIG.txt / THIRD_PARTY_NOTICES.md
modules/poly-compose/src/main/kotlin/org/polyfrost/compose/node/CanvasNode.kt	ReConfig by duv14 incorporates OneConfig by Polyfrost and contributors.	Original file notices and third-party rights preserved; see LICENSE-RECONFIG.txt / THIRD_PARTY_NOTICES.md
modules/poly-compose/src/main/kotlin/org/polyfrost/compose/node/ImageNode.kt	ReConfig by duv14 incorporates OneConfig by Polyfrost and contributors.	Original file notices and third-party rights preserved; see LICENSE-RECONFIG.txt / THIRD_PARTY_NOTICES.md
modules/poly-compose/src/main/kotlin/org/polyfrost/compose/node/McTextNode.kt	ReConfig by duv14 incorporates OneConfig by Polyfrost and contributors.	Original file notices and third-party rights preserved; see LICENSE-RECONFIG.txt / THIRD_PARTY_NOTICES.md
modules/poly-compose/src/main/kotlin/org/polyfrost/compose/node/PolyNode.kt	ReConfig by duv14 incorporates OneConfig by Polyfrost and contributors.	Original file notices and third-party rights preserved; see LICENSE-RECONFIG.txt / THIRD_PARTY_NOTICES.md
modules/poly-compose/src/main/kotlin/org/polyfrost/compose/node/RootNode.kt	ReConfig by duv14 incorporates OneConfig by Polyfrost and contributors.	Original file notices and third-party rights preserved; see LICENSE-RECONFIG.txt / THIRD_PARTY_NOTICES.md
modules/poly-compose/src/main/kotlin/org/polyfrost/compose/node/SpacerNode.kt	ReConfig by duv14 incorporates OneConfig by Polyfrost and contributors.	Original file notices and third-party rights preserved; see LICENSE-RECONFIG.txt / THIRD_PARTY_NOTICES.md
modules/poly-compose/src/main/kotlin/org/polyfrost/compose/node/TextNode.kt	ReConfig by duv14 incorporates OneConfig by Polyfrost and contributors.	Original file notices and third-party rights preserved; see LICENSE-RECONFIG.txt / THIRD_PARTY_NOTICES.md
modules/poly-compose/src/main/kotlin/org/polyfrost/compose/render/FontManager.kt	ReConfig by duv14 incorporates OneConfig by Polyfrost and contributors.	Original file notices and third-party rights preserved; see LICENSE-RECONFIG.txt / THIRD_PARTY_NOTICES.md
modules/poly-compose/src/main/kotlin/org/polyfrost/compose/render/ImageLoader.kt	ReConfig by duv14 incorporates OneConfig by Polyfrost and contributors.	Original file notices and third-party rights preserved; see LICENSE-RECONFIG.txt / THIRD_PARTY_NOTICES.md
modules/poly-compose/src/main/kotlin/org/polyfrost/compose/render/PolyColor.kt	ReConfig by duv14 incorporates OneConfig by Polyfrost and contributors.	Original file notices and third-party rights preserved; see LICENSE-RECONFIG.txt / THIRD_PARTY_NOTICES.md
modules/poly-compose/src/main/kotlin/org/polyfrost/compose/render/PolyGradient.kt	ReConfig by duv14 incorporates OneConfig by Polyfrost and contributors.	Original file notices and third-party rights preserved; see LICENSE-RECONFIG.txt / THIRD_PARTY_NOTICES.md
modules/poly-compose/src/main/kotlin/org/polyfrost/compose/render/PolyShadow.kt	ReConfig by duv14 incorporates OneConfig by Polyfrost and contributors.	Original file notices and third-party rights preserved; see LICENSE-RECONFIG.txt / THIRD_PARTY_NOTICES.md
modules/poly-compose/src/main/kotlin/org/polyfrost/compose/render/RenderContext.kt	ReConfig by duv14 incorporates OneConfig by Polyfrost and contributors.	Original file notices and third-party rights preserved; see LICENSE-RECONFIG.txt / THIRD_PARTY_NOTICES.md
modules/poly-compose/src/main/kotlin/org/polyfrost/compose/runtime/PolyApplier.kt	ReConfig by duv14 incorporates OneConfig by Polyfrost and contributors.	Original file notices and third-party rights preserved; see LICENSE-RECONFIG.txt / THIRD_PARTY_NOTICES.md
modules/poly-compose/src/main/kotlin/org/polyfrost/compose/runtime/PolyComposeHost.kt	ReConfig by duv14 incorporates OneConfig by Polyfrost and contributors.	Original file notices and third-party rights preserved; see LICENSE-RECONFIG.txt / THIRD_PARTY_NOTICES.md
modules/poly-compose/src/main/kotlin/org/polyfrost/compose/runtime/PolyComposeRuntime.kt	ReConfig by duv14 incorporates OneConfig by Polyfrost and contributors.	Original file notices and third-party rights preserved; see LICENSE-RECONFIG.txt / THIRD_PARTY_NOTICES.md
modules/relocator/README.md	ReConfig by duv14 incorporates OneConfig by Polyfrost and contributors.	Original file notices and third-party rights preserved; see LICENSE-RECONFIG.txt / THIRD_PARTY_NOTICES.md
modules/relocator/api/relocator.api	ReConfig by duv14 incorporates OneConfig by Polyfrost and contributors.	Original file notices and third-party rights preserved; see LICENSE-RECONFIG.txt / THIRD_PARTY_NOTICES.md
modules/relocator/build.gradle.kts	ReConfig by duv14 incorporates OneConfig by Polyfrost and contributors.	Original file notices and third-party rights preserved; see LICENSE-RECONFIG.txt / THIRD_PARTY_NOTICES.md
modules/relocator/src/main/kotlin/JApRelocator.kt	ReConfig by duv14 incorporates OneConfig by Polyfrost and contributors.	Original file notices and third-party rights preserved; see LICENSE-RECONFIG.txt / THIRD_PARTY_NOTICES.md
modules/relocator/src/main/kotlin/KspRelocator.kt	ReConfig by duv14 incorporates OneConfig by Polyfrost and contributors.	Original file notices and third-party rights preserved; see LICENSE-RECONFIG.txt / THIRD_PARTY_NOTICES.md
modules/relocator/src/main/kotlin/Locations.kt	ReConfig by duv14 incorporates OneConfig by Polyfrost and contributors.	Original file notices and third-party rights preserved; see LICENSE-RECONFIG.txt / THIRD_PARTY_NOTICES.md
modules/relocator/src/main/kotlin/annotations/MoulConfig.kt	ReConfig by duv14 incorporates OneConfig by Polyfrost and contributors.	Original file notices and third-party rights preserved; see LICENSE-RECONFIG.txt / THIRD_PARTY_NOTICES.md
modules/relocator/src/main/kotlin/annotations/RelocatedMixin.kt	ReConfig by duv14 incorporates OneConfig by Polyfrost and contributors.	Original file notices and third-party rights preserved; see LICENSE-RECONFIG.txt / THIRD_PARTY_NOTICES.md
modules/relocator/src/main/kotlin/utils.kt	ReConfig by duv14 incorporates OneConfig by Polyfrost and contributors.	Original file notices and third-party rights preserved; see LICENSE-RECONFIG.txt / THIRD_PARTY_NOTICES.md
modules/relocator/src/main/resources/META-INF/services/com.google.devtools.ksp.processing.SymbolProcessorProvider	ReConfig by duv14 incorporates OneConfig by Polyfrost and contributors.	Original file notices and third-party rights preserved; see LICENSE-RECONFIG.txt / THIRD_PARTY_NOTICES.md
modules/relocator/src/main/resources/META-INF/services/javax.annotation.processing.Processor	ReConfig by duv14 incorporates OneConfig by Polyfrost and contributors.	Original file notices and third-party rights preserved; see LICENSE-RECONFIG.txt / THIRD_PARTY_NOTICES.md
modules/root.gradle.kts	ReConfig by duv14 incorporates OneConfig by Polyfrost and contributors.	Original file notices and third-party rights preserved; see LICENSE-RECONFIG.txt / THIRD_PARTY_NOTICES.md
modules/ui/README.md	ReConfig by duv14 incorporates OneConfig by Polyfrost and contributors.	Original file notices and third-party rights preserved; see LICENSE-RECONFIG.txt / THIRD_PARTY_NOTICES.md
modules/ui/api/ui.api	ReConfig by duv14 incorporates OneConfig by Polyfrost and contributors.	Original file notices and third-party rights preserved; see LICENSE-RECONFIG.txt / THIRD_PARTY_NOTICES.md
modules/ui/build.gradle.kts	ReConfig by duv14 incorporates OneConfig by Polyfrost and contributors.	Original file notices and third-party rights preserved; see LICENSE-RECONFIG.txt / THIRD_PARTY_NOTICES.md
modules/ui/src/main/java/org/polyfrost/oneconfig/api/ui/v1/api/LwjglTinyFd.java	ReConfig by duv14 incorporates OneConfig by Polyfrost and contributors.	Original file notices and third-party rights preserved; see LICENSE-RECONFIG.txt / THIRD_PARTY_NOTICES.md
modules/ui/src/main/java/org/polyfrost/oneconfig/api/ui/v1/api/NanoSvgApi.java	ReConfig by duv14 incorporates OneConfig by Polyfrost and contributors.	Original file notices and third-party rights preserved; see LICENSE-RECONFIG.txt / THIRD_PARTY_NOTICES.md
modules/ui/src/main/java/org/polyfrost/oneconfig/api/ui/v1/api/RendererExt.java	ReConfig by duv14 incorporates OneConfig by Polyfrost and contributors.	Original file notices and third-party rights preserved; see LICENSE-RECONFIG.txt / THIRD_PARTY_NOTICES.md
modules/ui/src/main/java/org/polyfrost/oneconfig/api/ui/v1/api/StbApi.java	ReConfig by duv14 incorporates OneConfig by Polyfrost and contributors.	Original file notices and third-party rights preserved; see LICENSE-RECONFIG.txt / THIRD_PARTY_NOTICES.md
modules/ui/src/main/java/org/polyfrost/oneconfig/api/ui/v1/api/TinyFdApi.java	ReConfig by duv14 incorporates OneConfig by Polyfrost and contributors.	Original file notices and third-party rights preserved; see LICENSE-RECONFIG.txt / THIRD_PARTY_NOTICES.md
modules/ui/src/main/java/org/polyfrost/oneconfig/api/ui/v1/screen/BlurScreen.java	ReConfig by duv14 incorporates OneConfig by Polyfrost and contributors.	Original file notices and third-party rights preserved; see LICENSE-RECONFIG.txt / THIRD_PARTY_NOTICES.md
modules/ui/src/main/kotlin/org/polyfrost/oneconfig/api/ui/v1/ModCardType.kt	ReConfig by duv14 incorporates OneConfig by Polyfrost and contributors.	Original file notices and third-party rights preserved; see LICENSE-RECONFIG.txt / THIRD_PARTY_NOTICES.md
modules/ui/src/main/kotlin/org/polyfrost/oneconfig/api/ui/v1/ModCardTypes.kt	ReConfig by duv14 incorporates OneConfig by Polyfrost and contributors.	Original file notices and third-party rights preserved; see LICENSE-RECONFIG.txt / THIRD_PARTY_NOTICES.md
modules/ui/src/main/kotlin/org/polyfrost/oneconfig/api/ui/v1/OneConfigUI.kt	ReConfig by duv14 incorporates OneConfig by Polyfrost and contributors.	Original file notices and third-party rights preserved; see LICENSE-RECONFIG.txt / THIRD_PARTY_NOTICES.md
modules/ui/src/main/kotlin/org/polyfrost/oneconfig/api/ui/v1/OneConfigUIBridge.kt	ReConfig by duv14 incorporates OneConfig by Polyfrost and contributors.	Original file notices and third-party rights preserved; see LICENSE-RECONFIG.txt / THIRD_PARTY_NOTICES.md
modules/ui/src/main/kotlin/org/polyfrost/oneconfig/api/ui/v1/keybind/BindNotInScreen.kt	ReConfig by duv14 incorporates OneConfig by Polyfrost and contributors.	Original file notices and third-party rights preserved; see LICENSE-RECONFIG.txt / THIRD_PARTY_NOTICES.md
modules/ui/src/main/kotlin/org/polyfrost/oneconfig/api/ui/v1/keybind/KeyModifiers.kt	ReConfig by duv14 incorporates OneConfig by Polyfrost and contributors.	Original file notices and third-party rights preserved; see LICENSE-RECONFIG.txt / THIRD_PARTY_NOTICES.md
modules/ui/src/main/kotlin/org/polyfrost/oneconfig/api/ui/v1/keybind/KeybindHelper.kt	ReConfig by duv14 incorporates OneConfig by Polyfrost and contributors.	Original file notices and third-party rights preserved; see LICENSE-RECONFIG.txt / THIRD_PARTY_NOTICES.md
modules/ui/src/main/kotlin/org/polyfrost/oneconfig/api/ui/v1/keybind/KeybindManager.kt	ReConfig by duv14 incorporates OneConfig by Polyfrost and contributors.	Original file notices and third-party rights preserved; see LICENSE-RECONFIG.txt / THIRD_PARTY_NOTICES.md
modules/ui/src/main/kotlin/org/polyfrost/oneconfig/api/ui/v1/keybind/KeybindUtils.kt	ReConfig by duv14 incorporates OneConfig by Polyfrost and contributors.	Original file notices and third-party rights preserved; see LICENSE-RECONFIG.txt / THIRD_PARTY_NOTICES.md
modules/ui/src/main/kotlin/org/polyfrost/oneconfig/api/ui/v1/keybind/MinecraftKeybindBridge.kt	ReConfig by duv14 incorporates OneConfig by Polyfrost and contributors.	Original file notices and third-party rights preserved; see LICENSE-RECONFIG.txt / THIRD_PARTY_NOTICES.md
modules/ui/src/main/kotlin/org/polyfrost/oneconfig/api/ui/v1/keybind/OneConfigKeybind.kt	ReConfig by duv14 incorporates OneConfig by Polyfrost and contributors.	Original file notices and third-party rights preserved; see LICENSE-RECONFIG.txt / THIRD_PARTY_NOTICES.md
modules/ui/src/main/kotlin/org/polyfrost/oneconfig/api/ui/v1/keybind/TextInputFocus.kt	ReConfig by duv14 incorporates OneConfig by Polyfrost and contributors.	Original file notices and third-party rights preserved; see LICENSE-RECONFIG.txt / THIRD_PARTY_NOTICES.md
modules/ui/src/main/resources/assets/oneconfig/color/alpha.png	ReConfig by duv14 incorporates OneConfig by Polyfrost and contributors.	Original file notices and third-party rights preserved; see LICENSE-RECONFIG.txt / THIRD_PARTY_NOTICES.md
modules/ui/src/main/resources/assets/oneconfig/color/hue.png	ReConfig by duv14 incorporates OneConfig by Polyfrost and contributors.	Original file notices and third-party rights preserved; see LICENSE-RECONFIG.txt / THIRD_PARTY_NOTICES.md
modules/ui/src/main/resources/assets/oneconfig/fonts/Poppins/OFL.txt	ReConfig by duv14 incorporates OneConfig by Polyfrost and contributors.	Original file notices and third-party rights preserved; see LICENSE-RECONFIG.txt / THIRD_PARTY_NOTICES.md
modules/ui/src/main/resources/assets/oneconfig/fonts/Poppins/Poppins-Black.ttf	ReConfig by duv14 incorporates OneConfig by Polyfrost and contributors.	Original file notices and third-party rights preserved; see LICENSE-RECONFIG.txt / THIRD_PARTY_NOTICES.md
modules/ui/src/main/resources/assets/oneconfig/fonts/Poppins/Poppins-BlackItalic.ttf	ReConfig by duv14 incorporates OneConfig by Polyfrost and contributors.	Original file notices and third-party rights preserved; see LICENSE-RECONFIG.txt / THIRD_PARTY_NOTICES.md
modules/ui/src/main/resources/assets/oneconfig/fonts/Poppins/Poppins-Bold.ttf	ReConfig by duv14 incorporates OneConfig by Polyfrost and contributors.	Original file notices and third-party rights preserved; see LICENSE-RECONFIG.txt / THIRD_PARTY_NOTICES.md
modules/ui/src/main/resources/assets/oneconfig/fonts/Poppins/Poppins-BoldItalic.ttf	ReConfig by duv14 incorporates OneConfig by Polyfrost and contributors.	Original file notices and third-party rights preserved; see LICENSE-RECONFIG.txt / THIRD_PARTY_NOTICES.md
modules/ui/src/main/resources/assets/oneconfig/fonts/Poppins/Poppins-ExtraBold.ttf	ReConfig by duv14 incorporates OneConfig by Polyfrost and contributors.	Original file notices and third-party rights preserved; see LICENSE-RECONFIG.txt / THIRD_PARTY_NOTICES.md
modules/ui/src/main/resources/assets/oneconfig/fonts/Poppins/Poppins-ExtraBoldItalic.ttf	ReConfig by duv14 incorporates OneConfig by Polyfrost and contributors.	Original file notices and third-party rights preserved; see LICENSE-RECONFIG.txt / THIRD_PARTY_NOTICES.md
modules/ui/src/main/resources/assets/oneconfig/fonts/Poppins/Poppins-ExtraLight.ttf	ReConfig by duv14 incorporates OneConfig by Polyfrost and contributors.	Original file notices and third-party rights preserved; see LICENSE-RECONFIG.txt / THIRD_PARTY_NOTICES.md
modules/ui/src/main/resources/assets/oneconfig/fonts/Poppins/Poppins-ExtraLightItalic.ttf	ReConfig by duv14 incorporates OneConfig by Polyfrost and contributors.	Original file notices and third-party rights preserved; see LICENSE-RECONFIG.txt / THIRD_PARTY_NOTICES.md
modules/ui/src/main/resources/assets/oneconfig/fonts/Poppins/Poppins-Italic.ttf	ReConfig by duv14 incorporates OneConfig by Polyfrost and contributors.	Original file notices and third-party rights preserved; see LICENSE-RECONFIG.txt / THIRD_PARTY_NOTICES.md
modules/ui/src/main/resources/assets/oneconfig/fonts/Poppins/Poppins-Light.ttf	ReConfig by duv14 incorporates OneConfig by Polyfrost and contributors.	Original file notices and third-party rights preserved; see LICENSE-RECONFIG.txt / THIRD_PARTY_NOTICES.md
modules/ui/src/main/resources/assets/oneconfig/fonts/Poppins/Poppins-LightItalic.ttf	ReConfig by duv14 incorporates OneConfig by Polyfrost and contributors.	Original file notices and third-party rights preserved; see LICENSE-RECONFIG.txt / THIRD_PARTY_NOTICES.md
modules/ui/src/main/resources/assets/oneconfig/fonts/Poppins/Poppins-Medium.ttf	ReConfig by duv14 incorporates OneConfig by Polyfrost and contributors.	Original file notices and third-party rights preserved; see LICENSE-RECONFIG.txt / THIRD_PARTY_NOTICES.md
modules/ui/src/main/resources/assets/oneconfig/fonts/Poppins/Poppins-MediumItalic.ttf	ReConfig by duv14 incorporates OneConfig by Polyfrost and contributors.	Original file notices and third-party rights preserved; see LICENSE-RECONFIG.txt / THIRD_PARTY_NOTICES.md
modules/ui/src/main/resources/assets/oneconfig/fonts/Poppins/Poppins-Regular.ttf	ReConfig by duv14 incorporates OneConfig by Polyfrost and contributors.	Original file notices and third-party rights preserved; see LICENSE-RECONFIG.txt / THIRD_PARTY_NOTICES.md
modules/ui/src/main/resources/assets/oneconfig/fonts/Poppins/Poppins-SemiBold.ttf	ReConfig by duv14 incorporates OneConfig by Polyfrost and contributors.	Original file notices and third-party rights preserved; see LICENSE-RECONFIG.txt / THIRD_PARTY_NOTICES.md
modules/ui/src/main/resources/assets/oneconfig/fonts/Poppins/Poppins-SemiBoldItalic.ttf	ReConfig by duv14 incorporates OneConfig by Polyfrost and contributors.	Original file notices and third-party rights preserved; see LICENSE-RECONFIG.txt / THIRD_PARTY_NOTICES.md
modules/ui/src/main/resources/assets/oneconfig/fonts/Poppins/Poppins-Thin.ttf	ReConfig by duv14 incorporates OneConfig by Polyfrost and contributors.	Original file notices and third-party rights preserved; see LICENSE-RECONFIG.txt / THIRD_PARTY_NOTICES.md
modules/ui/src/main/resources/assets/oneconfig/fonts/Poppins/Poppins-ThinItalic.ttf	ReConfig by duv14 incorporates OneConfig by Polyfrost and contributors.	Original file notices and third-party rights preserved; see LICENSE-RECONFIG.txt / THIRD_PARTY_NOTICES.md
modules/ui/src/main/resources/assets/oneconfig/fonts/minecraft/Minecraft-Bold.otf	ReConfig by duv14 incorporates OneConfig by Polyfrost and contributors.	Original file notices and third-party rights preserved; see LICENSE-RECONFIG.txt / THIRD_PARTY_NOTICES.md
modules/ui/src/main/resources/assets/oneconfig/fonts/minecraft/Minecraft-Regular.otf	ReConfig by duv14 incorporates OneConfig by Polyfrost and contributors.	Original file notices and third-party rights preserved; see LICENSE-RECONFIG.txt / THIRD_PARTY_NOTICES.md
modules/ui/src/main/resources/assets/oneconfig/fonts/unifont/LICENSE.txt	ReConfig by duv14 incorporates OneConfig by Polyfrost and contributors.	Original file notices and third-party rights preserved; see LICENSE-RECONFIG.txt / THIRD_PARTY_NOTICES.md
modules/ui/src/main/resources/assets/oneconfig/fonts/unifont/unifont.otf	ReConfig by duv14 incorporates OneConfig by Polyfrost and contributors.	Original file notices and third-party rights preserved; see LICENSE-RECONFIG.txt / THIRD_PARTY_NOTICES.md
modules/ui/src/main/resources/assets/oneconfig/ico/alert-circle.svg	ReConfig by duv14 incorporates OneConfig by Polyfrost and contributors.	Original file notices and third-party rights preserved; see LICENSE-RECONFIG.txt / THIRD_PARTY_NOTICES.md
modules/ui/src/main/resources/assets/oneconfig/ico/align-center.svg	ReConfig by duv14 incorporates OneConfig by Polyfrost and contributors.	Original file notices and third-party rights preserved; see LICENSE-RECONFIG.txt / THIRD_PARTY_NOTICES.md
modules/ui/src/main/resources/assets/oneconfig/ico/align-left.svg	ReConfig by duv14 incorporates OneConfig by Polyfrost and contributors.	Original file notices and third-party rights preserved; see LICENSE-RECONFIG.txt / THIRD_PARTY_NOTICES.md
modules/ui/src/main/resources/assets/oneconfig/ico/align-right.svg	ReConfig by duv14 incorporates OneConfig by Polyfrost and contributors.	Original file notices and third-party rights preserved; see LICENSE-RECONFIG.txt / THIRD_PARTY_NOTICES.md
modules/ui/src/main/resources/assets/oneconfig/ico/align.svg	ReConfig by duv14 incorporates OneConfig by Polyfrost and contributors.	Original file notices and third-party rights preserved; see LICENSE-RECONFIG.txt / THIRD_PARTY_NOTICES.md
modules/ui/src/main/resources/assets/oneconfig/ico/bell.svg	ReConfig by duv14 incorporates OneConfig by Polyfrost and contributors.	Original file notices and third-party rights preserved; see LICENSE-RECONFIG.txt / THIRD_PARTY_NOTICES.md
modules/ui/src/main/resources/assets/oneconfig/ico/bold.svg	ReConfig by duv14 incorporates OneConfig by Polyfrost and contributors.	Original file notices and third-party rights preserved; see LICENSE-RECONFIG.txt / THIRD_PARTY_NOTICES.md
modules/ui/src/main/resources/assets/oneconfig/ico/capitalized.svg	ReConfig by duv14 incorporates OneConfig by Polyfrost and contributors.	Original file notices and third-party rights preserved; see LICENSE-RECONFIG.txt / THIRD_PARTY_NOTICES.md
modules/ui/src/main/resources/assets/oneconfig/ico/check-circle.svg	ReConfig by duv14 incorporates OneConfig by Polyfrost and contributors.	Original file notices and third-party rights preserved; see LICENSE-RECONFIG.txt / THIRD_PARTY_NOTICES.md
modules/ui/src/main/resources/assets/oneconfig/ico/clipboard.svg	ReConfig by duv14 incorporates OneConfig by Polyfrost and contributors.	Original file notices and third-party rights preserved; see LICENSE-RECONFIG.txt / THIRD_PARTY_NOTICES.md
modules/ui/src/main/resources/assets/oneconfig/ico/close.svg	ReConfig by duv14 incorporates OneConfig by Polyfrost and contributors.	Original file notices and third-party rights preserved; see LICENSE-RECONFIG.txt / THIRD_PARTY_NOTICES.md
modules/ui/src/main/resources/assets/oneconfig/ico/cloud.svg	ReConfig by duv14 incorporates OneConfig by Polyfrost and contributors.	Original file notices and third-party rights preserved; see LICENSE-RECONFIG.txt / THIRD_PARTY_NOTICES.md
modules/ui/src/main/resources/assets/oneconfig/ico/cog.svg	ReConfig by duv14 incorporates OneConfig by Polyfrost and contributors.	Original file notices and third-party rights preserved; see LICENSE-RECONFIG.txt / THIRD_PARTY_NOTICES.md
modules/ui/src/main/resources/assets/oneconfig/ico/combat.svg	ReConfig by duv14 incorporates OneConfig by Polyfrost and contributors.	Original file notices and third-party rights preserved; see LICENSE-RECONFIG.txt / THIRD_PARTY_NOTICES.md
modules/ui/src/main/resources/assets/oneconfig/ico/console.svg	ReConfig by duv14 incorporates OneConfig by Polyfrost and contributors.	Original file notices and third-party rights preserved; see LICENSE-RECONFIG.txt / THIRD_PARTY_NOTICES.md
modules/ui/src/main/resources/assets/oneconfig/ico/copy-plus.svg	ReConfig by duv14 incorporates OneConfig by Polyfrost and contributors.	Original file notices and third-party rights preserved; see LICENSE-RECONFIG.txt / THIRD_PARTY_NOTICES.md
modules/ui/src/main/resources/assets/oneconfig/ico/copy.svg	ReConfig by duv14 incorporates OneConfig by Polyfrost and contributors.	Original file notices and third-party rights preserved; see LICENSE-RECONFIG.txt / THIRD_PARTY_NOTICES.md
modules/ui/src/main/resources/assets/oneconfig/ico/dots-grid.svg	ReConfig by duv14 incorporates OneConfig by Polyfrost and contributors.	Original file notices and third-party rights preserved; see LICENSE-RECONFIG.txt / THIRD_PARTY_NOTICES.md
modules/ui/src/main/resources/assets/oneconfig/ico/dots-vertical.svg	ReConfig by duv14 incorporates OneConfig by Polyfrost and contributors.	Original file notices and third-party rights preserved; see LICENSE-RECONFIG.txt / THIRD_PARTY_NOTICES.md
modules/ui/src/main/resources/assets/oneconfig/ico/down.svg	ReConfig by duv14 incorporates OneConfig by Polyfrost and contributors.	Original file notices and third-party rights preserved; see LICENSE-RECONFIG.txt / THIRD_PARTY_NOTICES.md
modules/ui/src/main/resources/assets/oneconfig/ico/eye-off.svg	ReConfig by duv14 incorporates OneConfig by Polyfrost and contributors.	Original file notices and third-party rights preserved; see LICENSE-RECONFIG.txt / THIRD_PARTY_NOTICES.md
modules/ui/src/main/resources/assets/oneconfig/ico/eye.svg	ReConfig by duv14 incorporates OneConfig by Polyfrost and contributors.	Original file notices and third-party rights preserved; see LICENSE-RECONFIG.txt / THIRD_PARTY_NOTICES.md
modules/ui/src/main/resources/assets/oneconfig/ico/folder.svg	ReConfig by duv14 incorporates OneConfig by Polyfrost and contributors.	Original file notices and third-party rights preserved; see LICENSE-RECONFIG.txt / THIRD_PARTY_NOTICES.md
modules/ui/src/main/resources/assets/oneconfig/ico/hud.svg	ReConfig by duv14 incorporates OneConfig by Polyfrost and contributors.	Original file notices and third-party rights preserved; see LICENSE-RECONFIG.txt / THIRD_PARTY_NOTICES.md
modules/ui/src/main/resources/assets/oneconfig/ico/hypixel.svg	ReConfig by duv14 incorporates OneConfig by Polyfrost and contributors.	Original file notices and third-party rights preserved; see LICENSE-RECONFIG.txt / THIRD_PARTY_NOTICES.md
modules/ui/src/main/resources/assets/oneconfig/ico/info.svg	ReConfig by duv14 incorporates OneConfig by Polyfrost and contributors.	Original file notices and third-party rights preserved; see LICENSE-RECONFIG.txt / THIRD_PARTY_NOTICES.md
modules/ui/src/main/resources/assets/oneconfig/ico/italic.svg	ReConfig by duv14 incorporates OneConfig by Polyfrost and contributors.	Original file notices and third-party rights preserved; see LICENSE-RECONFIG.txt / THIRD_PARTY_NOTICES.md
modules/ui/src/main/resources/assets/oneconfig/ico/keyboard.svg	ReConfig by duv14 incorporates OneConfig by Polyfrost and contributors.	Original file notices and third-party rights preserved; see LICENSE-RECONFIG.txt / THIRD_PARTY_NOTICES.md
modules/ui/src/main/resources/assets/oneconfig/ico/layers.svg	ReConfig by duv14 incorporates OneConfig by Polyfrost and contributors.	Original file notices and third-party rights preserved; see LICENSE-RECONFIG.txt / THIRD_PARTY_NOTICES.md
modules/ui/src/main/resources/assets/oneconfig/ico/left-arrow.svg	ReConfig by duv14 incorporates OneConfig by Polyfrost and contributors.	Original file notices and third-party rights preserved; see LICENSE-RECONFIG.txt / THIRD_PARTY_NOTICES.md
modules/ui/src/main/resources/assets/oneconfig/ico/lightning-01.svg	ReConfig by duv14 incorporates OneConfig by Polyfrost and contributors.	Original file notices and third-party rights preserved; see LICENSE-RECONFIG.txt / THIRD_PARTY_NOTICES.md
modules/ui/src/main/resources/assets/oneconfig/ico/lock.svg	ReConfig by duv14 incorporates OneConfig by Polyfrost and contributors.	Original file notices and third-party rights preserved; see LICENSE-RECONFIG.txt / THIRD_PARTY_NOTICES.md
modules/ui/src/main/resources/assets/oneconfig/ico/lowercase.svg	ReConfig by duv14 incorporates OneConfig by Polyfrost and contributors.	Original file notices and third-party rights preserved; see LICENSE-RECONFIG.txt / THIRD_PARTY_NOTICES.md
modules/ui/src/main/resources/assets/oneconfig/ico/maximise.svg	ReConfig by duv14 incorporates OneConfig by Polyfrost and contributors.	Original file notices and third-party rights preserved; see LICENSE-RECONFIG.txt / THIRD_PARTY_NOTICES.md
modules/ui/src/main/resources/assets/oneconfig/ico/minecraft/alert-circle.svg	ReConfig by duv14 incorporates OneConfig by Polyfrost and contributors.	Original file notices and third-party rights preserved; see LICENSE-RECONFIG.txt / THIRD_PARTY_NOTICES.md
modules/ui/src/main/resources/assets/oneconfig/ico/minecraft/align-center.svg	ReConfig by duv14 incorporates OneConfig by Polyfrost and contributors.	Original file notices and third-party rights preserved; see LICENSE-RECONFIG.txt / THIRD_PARTY_NOTICES.md
modules/ui/src/main/resources/assets/oneconfig/ico/minecraft/align-left.svg	ReConfig by duv14 incorporates OneConfig by Polyfrost and contributors.	Original file notices and third-party rights preserved; see LICENSE-RECONFIG.txt / THIRD_PARTY_NOTICES.md
modules/ui/src/main/resources/assets/oneconfig/ico/minecraft/align-right.svg	ReConfig by duv14 incorporates OneConfig by Polyfrost and contributors.	Original file notices and third-party rights preserved; see LICENSE-RECONFIG.txt / THIRD_PARTY_NOTICES.md
modules/ui/src/main/resources/assets/oneconfig/ico/minecraft/align.svg	ReConfig by duv14 incorporates OneConfig by Polyfrost and contributors.	Original file notices and third-party rights preserved; see LICENSE-RECONFIG.txt / THIRD_PARTY_NOTICES.md
modules/ui/src/main/resources/assets/oneconfig/ico/minecraft/bell.svg	ReConfig by duv14 incorporates OneConfig by Polyfrost and contributors.	Original file notices and third-party rights preserved; see LICENSE-RECONFIG.txt / THIRD_PARTY_NOTICES.md
modules/ui/src/main/resources/assets/oneconfig/ico/minecraft/bold.svg	ReConfig by duv14 incorporates OneConfig by Polyfrost and contributors.	Original file notices and third-party rights preserved; see LICENSE-RECONFIG.txt / THIRD_PARTY_NOTICES.md
modules/ui/src/main/resources/assets/oneconfig/ico/minecraft/capitalized.svg	ReConfig by duv14 incorporates OneConfig by Polyfrost and contributors.	Original file notices and third-party rights preserved; see LICENSE-RECONFIG.txt / THIRD_PARTY_NOTICES.md
modules/ui/src/main/resources/assets/oneconfig/ico/minecraft/check-circle.svg	ReConfig by duv14 incorporates OneConfig by Polyfrost and contributors.	Original file notices and third-party rights preserved; see LICENSE-RECONFIG.txt / THIRD_PARTY_NOTICES.md
modules/ui/src/main/resources/assets/oneconfig/ico/minecraft/clipboard.svg	ReConfig by duv14 incorporates OneConfig by Polyfrost and contributors.	Original file notices and third-party rights preserved; see LICENSE-RECONFIG.txt / THIRD_PARTY_NOTICES.md
modules/ui/src/main/resources/assets/oneconfig/ico/minecraft/close.svg	ReConfig by duv14 incorporates OneConfig by Polyfrost and contributors.	Original file notices and third-party rights preserved; see LICENSE-RECONFIG.txt / THIRD_PARTY_NOTICES.md
modules/ui/src/main/resources/assets/oneconfig/ico/minecraft/cloud.svg	ReConfig by duv14 incorporates OneConfig by Polyfrost and contributors.	Original file notices and third-party rights preserved; see LICENSE-RECONFIG.txt / THIRD_PARTY_NOTICES.md
modules/ui/src/main/resources/assets/oneconfig/ico/minecraft/cog.svg	ReConfig by duv14 incorporates OneConfig by Polyfrost and contributors.	Original file notices and third-party rights preserved; see LICENSE-RECONFIG.txt / THIRD_PARTY_NOTICES.md
modules/ui/src/main/resources/assets/oneconfig/ico/minecraft/combat.svg	ReConfig by duv14 incorporates OneConfig by Polyfrost and contributors.	Original file notices and third-party rights preserved; see LICENSE-RECONFIG.txt / THIRD_PARTY_NOTICES.md
modules/ui/src/main/resources/assets/oneconfig/ico/minecraft/console.svg	ReConfig by duv14 incorporates OneConfig by Polyfrost and contributors.	Original file notices and third-party rights preserved; see LICENSE-RECONFIG.txt / THIRD_PARTY_NOTICES.md
modules/ui/src/main/resources/assets/oneconfig/ico/minecraft/copy-plus.svg	ReConfig by duv14 incorporates OneConfig by Polyfrost and contributors.	Original file notices and third-party rights preserved; see LICENSE-RECONFIG.txt / THIRD_PARTY_NOTICES.md
modules/ui/src/main/resources/assets/oneconfig/ico/minecraft/copy.svg	ReConfig by duv14 incorporates OneConfig by Polyfrost and contributors.	Original file notices and third-party rights preserved; see LICENSE-RECONFIG.txt / THIRD_PARTY_NOTICES.md
modules/ui/src/main/resources/assets/oneconfig/ico/minecraft/dots-grid.svg	ReConfig by duv14 incorporates OneConfig by Polyfrost and contributors.	Original file notices and third-party rights preserved; see LICENSE-RECONFIG.txt / THIRD_PARTY_NOTICES.md
modules/ui/src/main/resources/assets/oneconfig/ico/minecraft/dots-vertical.svg	ReConfig by duv14 incorporates OneConfig by Polyfrost and contributors.	Original file notices and third-party rights preserved; see LICENSE-RECONFIG.txt / THIRD_PARTY_NOTICES.md
modules/ui/src/main/resources/assets/oneconfig/ico/minecraft/down.svg	ReConfig by duv14 incorporates OneConfig by Polyfrost and contributors.	Original file notices and third-party rights preserved; see LICENSE-RECONFIG.txt / THIRD_PARTY_NOTICES.md
modules/ui/src/main/resources/assets/oneconfig/ico/minecraft/eye-off.svg	ReConfig by duv14 incorporates OneConfig by Polyfrost and contributors.	Original file notices and third-party rights preserved; see LICENSE-RECONFIG.txt / THIRD_PARTY_NOTICES.md
modules/ui/src/main/resources/assets/oneconfig/ico/minecraft/eye.svg	ReConfig by duv14 incorporates OneConfig by Polyfrost and contributors.	Original file notices and third-party rights preserved; see LICENSE-RECONFIG.txt / THIRD_PARTY_NOTICES.md
modules/ui/src/main/resources/assets/oneconfig/ico/minecraft/hud.svg	ReConfig by duv14 incorporates OneConfig by Polyfrost and contributors.	Original file notices and third-party rights preserved; see LICENSE-RECONFIG.txt / THIRD_PARTY_NOTICES.md
modules/ui/src/main/resources/assets/oneconfig/ico/minecraft/hypixel.svg	ReConfig by duv14 incorporates OneConfig by Polyfrost and contributors.	Original file notices and third-party rights preserved; see LICENSE-RECONFIG.txt / THIRD_PARTY_NOTICES.md
modules/ui/src/main/resources/assets/oneconfig/ico/minecraft/info.svg	ReConfig by duv14 incorporates OneConfig by Polyfrost and contributors.	Original file notices and third-party rights preserved; see LICENSE-RECONFIG.txt / THIRD_PARTY_NOTICES.md
modules/ui/src/main/resources/assets/oneconfig/ico/minecraft/italic.svg	ReConfig by duv14 incorporates OneConfig by Polyfrost and contributors.	Original file notices and third-party rights preserved; see LICENSE-RECONFIG.txt / THIRD_PARTY_NOTICES.md
modules/ui/src/main/resources/assets/oneconfig/ico/minecraft/keyboard.svg	ReConfig by duv14 incorporates OneConfig by Polyfrost and contributors.	Original file notices and third-party rights preserved; see LICENSE-RECONFIG.txt / THIRD_PARTY_NOTICES.md
modules/ui/src/main/resources/assets/oneconfig/ico/minecraft/layers.svg	ReConfig by duv14 incorporates OneConfig by Polyfrost and contributors.	Original file notices and third-party rights preserved; see LICENSE-RECONFIG.txt / THIRD_PARTY_NOTICES.md
modules/ui/src/main/resources/assets/oneconfig/ico/minecraft/left-arrow.svg	ReConfig by duv14 incorporates OneConfig by Polyfrost and contributors.	Original file notices and third-party rights preserved; see LICENSE-RECONFIG.txt / THIRD_PARTY_NOTICES.md
modules/ui/src/main/resources/assets/oneconfig/ico/minecraft/lightning-01.svg	ReConfig by duv14 incorporates OneConfig by Polyfrost and contributors.	Original file notices and third-party rights preserved; see LICENSE-RECONFIG.txt / THIRD_PARTY_NOTICES.md
modules/ui/src/main/resources/assets/oneconfig/ico/minecraft/lock.svg	ReConfig by duv14 incorporates OneConfig by Polyfrost and contributors.	Original file notices and third-party rights preserved; see LICENSE-RECONFIG.txt / THIRD_PARTY_NOTICES.md
modules/ui/src/main/resources/assets/oneconfig/ico/minecraft/lowercase.svg	ReConfig by duv14 incorporates OneConfig by Polyfrost and contributors.	Original file notices and third-party rights preserved; see LICENSE-RECONFIG.txt / THIRD_PARTY_NOTICES.md
modules/ui/src/main/resources/assets/oneconfig/ico/minecraft/maximise.svg	ReConfig by duv14 incorporates OneConfig by Polyfrost and contributors.	Original file notices and third-party rights preserved; see LICENSE-RECONFIG.txt / THIRD_PARTY_NOTICES.md
modules/ui/src/main/resources/assets/oneconfig/ico/minecraft/minus.svg	ReConfig by duv14 incorporates OneConfig by Polyfrost and contributors.	Original file notices and third-party rights preserved; see LICENSE-RECONFIG.txt / THIRD_PARTY_NOTICES.md
modules/ui/src/main/resources/assets/oneconfig/ico/minecraft/moon.svg	ReConfig by duv14 incorporates OneConfig by Polyfrost and contributors.	Original file notices and third-party rights preserved; see LICENSE-RECONFIG.txt / THIRD_PARTY_NOTICES.md
modules/ui/src/main/resources/assets/oneconfig/ico/minecraft/move.svg	ReConfig by duv14 incorporates OneConfig by Polyfrost and contributors.	Original file notices and third-party rights preserved; see LICENSE-RECONFIG.txt / THIRD_PARTY_NOTICES.md
modules/ui/src/main/resources/assets/oneconfig/ico/minecraft/paintbrush.svg	ReConfig by duv14 incorporates OneConfig by Polyfrost and contributors.	Original file notices and third-party rights preserved; see LICENSE-RECONFIG.txt / THIRD_PARTY_NOTICES.md
modules/ui/src/main/resources/assets/oneconfig/ico/minecraft/plus.svg	ReConfig by duv14 incorporates OneConfig by Polyfrost and contributors.	Original file notices and third-party rights preserved; see LICENSE-RECONFIG.txt / THIRD_PARTY_NOTICES.md
modules/ui/src/main/resources/assets/oneconfig/ico/minecraft/preferences.svg	ReConfig by duv14 incorporates OneConfig by Polyfrost and contributors.	Original file notices and third-party rights preserved; see LICENSE-RECONFIG.txt / THIRD_PARTY_NOTICES.md
modules/ui/src/main/resources/assets/oneconfig/ico/minecraft/profiles.svg	ReConfig by duv14 incorporates OneConfig by Polyfrost and contributors.	Original file notices and third-party rights preserved; see LICENSE-RECONFIG.txt / THIRD_PARTY_NOTICES.md
modules/ui/src/main/resources/assets/oneconfig/ico/minecraft/qol.svg	ReConfig by duv14 incorporates OneConfig by Polyfrost and contributors.	Original file notices and third-party rights preserved; see LICENSE-RECONFIG.txt / THIRD_PARTY_NOTICES.md
modules/ui/src/main/resources/assets/oneconfig/ico/minecraft/refresh.svg	ReConfig by duv14 incorporates OneConfig by Polyfrost and contributors.	Original file notices and third-party rights preserved; see LICENSE-RECONFIG.txt / THIRD_PARTY_NOTICES.md
modules/ui/src/main/resources/assets/oneconfig/ico/minecraft/right-arrow.svg	ReConfig by duv14 incorporates OneConfig by Polyfrost and contributors.	Original file notices and third-party rights preserved; see LICENSE-RECONFIG.txt / THIRD_PARTY_NOTICES.md
modules/ui/src/main/resources/assets/oneconfig/ico/minecraft/scissors.svg	ReConfig by duv14 incorporates OneConfig by Polyfrost and contributors.	Original file notices and third-party rights preserved; see LICENSE-RECONFIG.txt / THIRD_PARTY_NOTICES.md
modules/ui/src/main/resources/assets/oneconfig/ico/minecraft/search.svg	ReConfig by duv14 incorporates OneConfig by Polyfrost and contributors.	Original file notices and third-party rights preserved; see LICENSE-RECONFIG.txt / THIRD_PARTY_NOTICES.md
modules/ui/src/main/resources/assets/oneconfig/ico/minecraft/select-all.svg	ReConfig by duv14 incorporates OneConfig by Polyfrost and contributors.	Original file notices and third-party rights preserved; see LICENSE-RECONFIG.txt / THIRD_PARTY_NOTICES.md
modules/ui/src/main/resources/assets/oneconfig/ico/minecraft/settings.svg	ReConfig by duv14 incorporates OneConfig by Polyfrost and contributors.	Original file notices and third-party rights preserved; see LICENSE-RECONFIG.txt / THIRD_PARTY_NOTICES.md
modules/ui/src/main/resources/assets/oneconfig/ico/minecraft/shuffle.svg	ReConfig by duv14 incorporates OneConfig by Polyfrost and contributors.	Original file notices and third-party rights preserved; see LICENSE-RECONFIG.txt / THIRD_PARTY_NOTICES.md
modules/ui/src/main/resources/assets/oneconfig/ico/minecraft/spanner.svg	ReConfig by duv14 incorporates OneConfig by Polyfrost and contributors.	Original file notices and third-party rights preserved; see LICENSE-RECONFIG.txt / THIRD_PARTY_NOTICES.md
modules/ui/src/main/resources/assets/oneconfig/ico/minecraft/star-filled.svg	ReConfig by duv14 incorporates OneConfig by Polyfrost and contributors.	Original file notices and third-party rights preserved; see LICENSE-RECONFIG.txt / THIRD_PARTY_NOTICES.md
modules/ui/src/main/resources/assets/oneconfig/ico/minecraft/star.svg	ReConfig by duv14 incorporates OneConfig by Polyfrost and contributors.	Original file notices and third-party rights preserved; see LICENSE-RECONFIG.txt / THIRD_PARTY_NOTICES.md
modules/ui/src/main/resources/assets/oneconfig/ico/minecraft/strikethrough.svg	ReConfig by duv14 incorporates OneConfig by Polyfrost and contributors.	Original file notices and third-party rights preserved; see LICENSE-RECONFIG.txt / THIRD_PARTY_NOTICES.md
modules/ui/src/main/resources/assets/oneconfig/ico/minecraft/sun.svg	ReConfig by duv14 incorporates OneConfig by Polyfrost and contributors.	Original file notices and third-party rights preserved; see LICENSE-RECONFIG.txt / THIRD_PARTY_NOTICES.md
modules/ui/src/main/resources/assets/oneconfig/ico/minecraft/text-input.svg	ReConfig by duv14 incorporates OneConfig by Polyfrost and contributors.	Original file notices and third-party rights preserved; see LICENSE-RECONFIG.txt / THIRD_PARTY_NOTICES.md
modules/ui/src/main/resources/assets/oneconfig/ico/minecraft/text.svg	ReConfig by duv14 incorporates OneConfig by Polyfrost and contributors.	Original file notices and third-party rights preserved; see LICENSE-RECONFIG.txt / THIRD_PARTY_NOTICES.md
modules/ui/src/main/resources/assets/oneconfig/ico/minecraft/tick.svg	ReConfig by duv14 incorporates OneConfig by Polyfrost and contributors.	Original file notices and third-party rights preserved; see LICENSE-RECONFIG.txt / THIRD_PARTY_NOTICES.md
modules/ui/src/main/resources/assets/oneconfig/ico/minecraft/trash.svg	ReConfig by duv14 incorporates OneConfig by Polyfrost and contributors.	Original file notices and third-party rights preserved; see LICENSE-RECONFIG.txt / THIRD_PARTY_NOTICES.md
modules/ui/src/main/resources/assets/oneconfig/ico/minecraft/underline.svg	ReConfig by duv14 incorporates OneConfig by Polyfrost and contributors.	Original file notices and third-party rights preserved; see LICENSE-RECONFIG.txt / THIRD_PARTY_NOTICES.md
modules/ui/src/main/resources/assets/oneconfig/ico/minecraft/unlock.svg	ReConfig by duv14 incorporates OneConfig by Polyfrost and contributors.	Original file notices and third-party rights preserved; see LICENSE-RECONFIG.txt / THIRD_PARTY_NOTICES.md
modules/ui/src/main/resources/assets/oneconfig/ico/minecraft/up.svg	ReConfig by duv14 incorporates OneConfig by Polyfrost and contributors.	Original file notices and third-party rights preserved; see LICENSE-RECONFIG.txt / THIRD_PARTY_NOTICES.md
modules/ui/src/main/resources/assets/oneconfig/ico/minecraft/uppercase.svg	ReConfig by duv14 incorporates OneConfig by Polyfrost and contributors.	Original file notices and third-party rights preserved; see LICENSE-RECONFIG.txt / THIRD_PARTY_NOTICES.md
modules/ui/src/main/resources/assets/oneconfig/ico/minecraft/x-circle.svg	ReConfig by duv14 incorporates OneConfig by Polyfrost and contributors.	Original file notices and third-party rights preserved; see LICENSE-RECONFIG.txt / THIRD_PARTY_NOTICES.md
modules/ui/src/main/resources/assets/oneconfig/ico/minus.svg	ReConfig by duv14 incorporates OneConfig by Polyfrost and contributors.	Original file notices and third-party rights preserved; see LICENSE-RECONFIG.txt / THIRD_PARTY_NOTICES.md
modules/ui/src/main/resources/assets/oneconfig/ico/moon.svg	ReConfig by duv14 incorporates OneConfig by Polyfrost and contributors.	Original file notices and third-party rights preserved; see LICENSE-RECONFIG.txt / THIRD_PARTY_NOTICES.md
modules/ui/src/main/resources/assets/oneconfig/ico/move.svg	ReConfig by duv14 incorporates OneConfig by Polyfrost and contributors.	Original file notices and third-party rights preserved; see LICENSE-RECONFIG.txt / THIRD_PARTY_NOTICES.md
modules/ui/src/main/resources/assets/oneconfig/ico/pad-bottom.svg	ReConfig by duv14 incorporates OneConfig by Polyfrost and contributors.	Original file notices and third-party rights preserved; see LICENSE-RECONFIG.txt / THIRD_PARTY_NOTICES.md
modules/ui/src/main/resources/assets/oneconfig/ico/pad-left.svg	ReConfig by duv14 incorporates OneConfig by Polyfrost and contributors.	Original file notices and third-party rights preserved; see LICENSE-RECONFIG.txt / THIRD_PARTY_NOTICES.md
modules/ui/src/main/resources/assets/oneconfig/ico/pad-right.svg	ReConfig by duv14 incorporates OneConfig by Polyfrost and contributors.	Original file notices and third-party rights preserved; see LICENSE-RECONFIG.txt / THIRD_PARTY_NOTICES.md
modules/ui/src/main/resources/assets/oneconfig/ico/pad-top.svg	ReConfig by duv14 incorporates OneConfig by Polyfrost and contributors.	Original file notices and third-party rights preserved; see LICENSE-RECONFIG.txt / THIRD_PARTY_NOTICES.md
modules/ui/src/main/resources/assets/oneconfig/ico/paintbrush.svg	ReConfig by duv14 incorporates OneConfig by Polyfrost and contributors.	Original file notices and third-party rights preserved; see LICENSE-RECONFIG.txt / THIRD_PARTY_NOTICES.md
modules/ui/src/main/resources/assets/oneconfig/ico/plus.svg	ReConfig by duv14 incorporates OneConfig by Polyfrost and contributors.	Original file notices and third-party rights preserved; see LICENSE-RECONFIG.txt / THIRD_PARTY_NOTICES.md
modules/ui/src/main/resources/assets/oneconfig/ico/profiles.svg	ReConfig by duv14 incorporates OneConfig by Polyfrost and contributors.	Original file notices and third-party rights preserved; see LICENSE-RECONFIG.txt / THIRD_PARTY_NOTICES.md
modules/ui/src/main/resources/assets/oneconfig/ico/qol.svg	ReConfig by duv14 incorporates OneConfig by Polyfrost and contributors.	Original file notices and third-party rights preserved; see LICENSE-RECONFIG.txt / THIRD_PARTY_NOTICES.md
modules/ui/src/main/resources/assets/oneconfig/ico/refresh.svg	ReConfig by duv14 incorporates OneConfig by Polyfrost and contributors.	Original file notices and third-party rights preserved; see LICENSE-RECONFIG.txt / THIRD_PARTY_NOTICES.md
modules/ui/src/main/resources/assets/oneconfig/ico/right-arrow.svg	ReConfig by duv14 incorporates OneConfig by Polyfrost and contributors.	Original file notices and third-party rights preserved; see LICENSE-RECONFIG.txt / THIRD_PARTY_NOTICES.md
modules/ui/src/main/resources/assets/oneconfig/ico/scissors.svg	ReConfig by duv14 incorporates OneConfig by Polyfrost and contributors.	Original file notices and third-party rights preserved; see LICENSE-RECONFIG.txt / THIRD_PARTY_NOTICES.md
modules/ui/src/main/resources/assets/oneconfig/ico/search.svg	ReConfig by duv14 incorporates OneConfig by Polyfrost and contributors.	Original file notices and third-party rights preserved; see LICENSE-RECONFIG.txt / THIRD_PARTY_NOTICES.md
modules/ui/src/main/resources/assets/oneconfig/ico/select-all.svg	ReConfig by duv14 incorporates OneConfig by Polyfrost and contributors.	Original file notices and third-party rights preserved; see LICENSE-RECONFIG.txt / THIRD_PARTY_NOTICES.md
modules/ui/src/main/resources/assets/oneconfig/ico/settings.svg	ReConfig by duv14 incorporates OneConfig by Polyfrost and contributors.	Original file notices and third-party rights preserved; see LICENSE-RECONFIG.txt / THIRD_PARTY_NOTICES.md
modules/ui/src/main/resources/assets/oneconfig/ico/shuffle.svg	ReConfig by duv14 incorporates OneConfig by Polyfrost and contributors.	Original file notices and third-party rights preserved; see LICENSE-RECONFIG.txt / THIRD_PARTY_NOTICES.md
modules/ui/src/main/resources/assets/oneconfig/ico/spanner.svg	ReConfig by duv14 incorporates OneConfig by Polyfrost and contributors.	Original file notices and third-party rights preserved; see LICENSE-RECONFIG.txt / THIRD_PARTY_NOTICES.md
modules/ui/src/main/resources/assets/oneconfig/ico/star-filled.svg	ReConfig by duv14 incorporates OneConfig by Polyfrost and contributors.	Original file notices and third-party rights preserved; see LICENSE-RECONFIG.txt / THIRD_PARTY_NOTICES.md
modules/ui/src/main/resources/assets/oneconfig/ico/star.svg	ReConfig by duv14 incorporates OneConfig by Polyfrost and contributors.	Original file notices and third-party rights preserved; see LICENSE-RECONFIG.txt / THIRD_PARTY_NOTICES.md
modules/ui/src/main/resources/assets/oneconfig/ico/strikethrough.svg	ReConfig by duv14 incorporates OneConfig by Polyfrost and contributors.	Original file notices and third-party rights preserved; see LICENSE-RECONFIG.txt / THIRD_PARTY_NOTICES.md
modules/ui/src/main/resources/assets/oneconfig/ico/sun.svg	ReConfig by duv14 incorporates OneConfig by Polyfrost and contributors.	Original file notices and third-party rights preserved; see LICENSE-RECONFIG.txt / THIRD_PARTY_NOTICES.md
modules/ui/src/main/resources/assets/oneconfig/ico/text-input.svg	ReConfig by duv14 incorporates OneConfig by Polyfrost and contributors.	Original file notices and third-party rights preserved; see LICENSE-RECONFIG.txt / THIRD_PARTY_NOTICES.md
modules/ui/src/main/resources/assets/oneconfig/ico/text.svg	ReConfig by duv14 incorporates OneConfig by Polyfrost and contributors.	Original file notices and third-party rights preserved; see LICENSE-RECONFIG.txt / THIRD_PARTY_NOTICES.md
modules/ui/src/main/resources/assets/oneconfig/ico/tick.svg	ReConfig by duv14 incorporates OneConfig by Polyfrost and contributors.	Original file notices and third-party rights preserved; see LICENSE-RECONFIG.txt / THIRD_PARTY_NOTICES.md
modules/ui/src/main/resources/assets/oneconfig/ico/trash.svg	ReConfig by duv14 incorporates OneConfig by Polyfrost and contributors.	Original file notices and third-party rights preserved; see LICENSE-RECONFIG.txt / THIRD_PARTY_NOTICES.md
modules/ui/src/main/resources/assets/oneconfig/ico/underline.svg	ReConfig by duv14 incorporates OneConfig by Polyfrost and contributors.	Original file notices and third-party rights preserved; see LICENSE-RECONFIG.txt / THIRD_PARTY_NOTICES.md
modules/ui/src/main/resources/assets/oneconfig/ico/unlock.svg	ReConfig by duv14 incorporates OneConfig by Polyfrost and contributors.	Original file notices and third-party rights preserved; see LICENSE-RECONFIG.txt / THIRD_PARTY_NOTICES.md
modules/ui/src/main/resources/assets/oneconfig/ico/up.svg	ReConfig by duv14 incorporates OneConfig by Polyfrost and contributors.	Original file notices and third-party rights preserved; see LICENSE-RECONFIG.txt / THIRD_PARTY_NOTICES.md
modules/ui/src/main/resources/assets/oneconfig/ico/uppercase.svg	ReConfig by duv14 incorporates OneConfig by Polyfrost and contributors.	Original file notices and third-party rights preserved; see LICENSE-RECONFIG.txt / THIRD_PARTY_NOTICES.md
modules/ui/src/main/resources/assets/oneconfig/ico/x-circle.svg	ReConfig by duv14 incorporates OneConfig by Polyfrost and contributors.	Original file notices and third-party rights preserved; see LICENSE-RECONFIG.txt / THIRD_PARTY_NOTICES.md
modules/ui/src/main/resources/en_default.lang	ReConfig by duv14 incorporates OneConfig by Polyfrost and contributors.	Original file notices and third-party rights preserved; see LICENSE-RECONFIG.txt / THIRD_PARTY_NOTICES.md
modules/ui/src/main/resources/info.svg	ReConfig by duv14 incorporates OneConfig by Polyfrost and contributors.	Original file notices and third-party rights preserved; see LICENSE-RECONFIG.txt / THIRD_PARTY_NOTICES.md
modules/ui/src/test/java/org/polyfrost/oneconfig/api/ui/v1/ModCardTypesTest.java	ReConfig by duv14 incorporates OneConfig by Polyfrost and contributors.	Original file notices and third-party rights preserved; see LICENSE-RECONFIG.txt / THIRD_PARTY_NOTICES.md
modules/ui/src/test/java/org/polyfrost/oneconfig/api/ui/v1/api/TinyFdPathTest.java	ReConfig by duv14 incorporates OneConfig by Polyfrost and contributors.	Original file notices and third-party rights preserved; see LICENSE-RECONFIG.txt / THIRD_PARTY_NOTICES.md
modules/ui/src/test/java/org/polyfrost/oneconfig/api/ui/v1/keybind/TestScreenPlatform.java	ReConfig by duv14 incorporates OneConfig by Polyfrost and contributors.	Original file notices and third-party rights preserved; see LICENSE-RECONFIG.txt / THIRD_PARTY_NOTICES.md
modules/ui/src/test/java/org/polyfrost/oneconfig/api/ui/v1/keybind/TextInputFocusTest.java	ReConfig by duv14 incorporates OneConfig by Polyfrost and contributors.	Original file notices and third-party rights preserved; see LICENSE-RECONFIG.txt / THIRD_PARTY_NOTICES.md
modules/ui/src/test/resources/META-INF/services/org.polyfrost.oneconfig.api.platform.v1.ScreenPlatform	ReConfig by duv14 incorporates OneConfig by Polyfrost and contributors.	Original file notices and third-party rights preserved; see LICENSE-RECONFIG.txt / THIRD_PARTY_NOTICES.md
modules/utils/README.md	ReConfig by duv14 incorporates OneConfig by Polyfrost and contributors.	Original file notices and third-party rights preserved; see LICENSE-RECONFIG.txt / THIRD_PARTY_NOTICES.md
modules/utils/api/utils.api	ReConfig by duv14 incorporates OneConfig by Polyfrost and contributors.	Original file notices and third-party rights preserved; see LICENSE-RECONFIG.txt / THIRD_PARTY_NOTICES.md
modules/utils/build.gradle.kts	ReConfig by duv14 incorporates OneConfig by Polyfrost and contributors.	Original file notices and third-party rights preserved; see LICENSE-RECONFIG.txt / THIRD_PARTY_NOTICES.md
modules/utils/src/main/java/org/polyfrost/oneconfig/api/ClassHasOverwrites.java	ReConfig by duv14 incorporates OneConfig by Polyfrost and contributors.	Original file notices and third-party rights preserved; see LICENSE-RECONFIG.txt / THIRD_PARTY_NOTICES.md
modules/utils/src/main/java/org/polyfrost/oneconfig/api/hypixel/v1/HypixelUtils.java	ReConfig by duv14 incorporates OneConfig by Polyfrost and contributors.	Original file notices and third-party rights preserved; see LICENSE-RECONFIG.txt / THIRD_PARTY_NOTICES.md
modules/utils/src/main/java/org/polyfrost/oneconfig/api/hypixel/v1/internal/HypixelApiInternals.java	ReConfig by duv14 incorporates OneConfig by Polyfrost and contributors.	Original file notices and third-party rights preserved; see LICENSE-RECONFIG.txt / THIRD_PARTY_NOTICES.md
modules/utils/src/main/java/org/polyfrost/oneconfig/api/platform/v1/CompatibilityPlatform.java	ReConfig by duv14 incorporates OneConfig by Polyfrost and contributors.	Original file notices and third-party rights preserved; see LICENSE-RECONFIG.txt / THIRD_PARTY_NOTICES.md
modules/utils/src/main/java/org/polyfrost/oneconfig/api/platform/v1/I18nPlatform.java	ReConfig by duv14 incorporates OneConfig by Polyfrost and contributors.	Original file notices and third-party rights preserved; see LICENSE-RECONFIG.txt / THIRD_PARTY_NOTICES.md
modules/utils/src/main/java/org/polyfrost/oneconfig/api/platform/v1/LoaderPlatform.java	ReConfig by duv14 incorporates OneConfig by Polyfrost and contributors.	Original file notices and third-party rights preserved; see LICENSE-RECONFIG.txt / THIRD_PARTY_NOTICES.md
modules/utils/src/main/java/org/polyfrost/oneconfig/api/platform/v1/Platform.java	ReConfig by duv14 incorporates OneConfig by Polyfrost and contributors.	Original file notices and third-party rights preserved; see LICENSE-RECONFIG.txt / THIRD_PARTY_NOTICES.md
modules/utils/src/main/java/org/polyfrost/oneconfig/api/platform/v1/ScreenPlatform.java	ReConfig by duv14 incorporates OneConfig by Polyfrost and contributors.	Original file notices and third-party rights preserved; see LICENSE-RECONFIG.txt / THIRD_PARTY_NOTICES.md
modules/utils/src/main/java/org/polyfrost/oneconfig/utils/v1/ArrayCastUtils.java	ReConfig by duv14 incorporates OneConfig by Polyfrost and contributors.	Original file notices and third-party rights preserved; see LICENSE-RECONFIG.txt / THIRD_PARTY_NOTICES.md
modules/utils/src/main/java/org/polyfrost/oneconfig/utils/v1/ClipboardHelper.java	ReConfig by duv14 incorporates OneConfig by Polyfrost and contributors.	Original file notices and third-party rights preserved; see LICENSE-RECONFIG.txt / THIRD_PARTY_NOTICES.md
modules/utils/src/main/java/org/polyfrost/oneconfig/utils/v1/Deprecator.java	ReConfig by duv14 incorporates OneConfig by Polyfrost and contributors.	Original file notices and third-party rights preserved; see LICENSE-RECONFIG.txt / THIRD_PARTY_NOTICES.md
modules/utils/src/main/java/org/polyfrost/oneconfig/utils/v1/IOUtils.java	ReConfig by duv14 incorporates OneConfig by Polyfrost and contributors.	Original file notices and third-party rights preserved; see LICENSE-RECONFIG.txt / THIRD_PARTY_NOTICES.md
modules/utils/src/main/java/org/polyfrost/oneconfig/utils/v1/JsonUtils.java	ReConfig by duv14 incorporates OneConfig by Polyfrost and contributors.	Original file notices and third-party rights preserved; see LICENSE-RECONFIG.txt / THIRD_PARTY_NOTICES.md
modules/utils/src/main/java/org/polyfrost/oneconfig/utils/v1/LogScanner.java	ReConfig by duv14 incorporates OneConfig by Polyfrost and contributors.	Original file notices and third-party rights preserved; see LICENSE-RECONFIG.txt / THIRD_PARTY_NOTICES.md
modules/utils/src/main/java/org/polyfrost/oneconfig/utils/v1/MacOSClipboard.java	ReConfig by duv14 incorporates OneConfig by Polyfrost and contributors.	Original file notices and third-party rights preserved; see LICENSE-RECONFIG.txt / THIRD_PARTY_NOTICES.md
modules/utils/src/main/java/org/polyfrost/oneconfig/utils/v1/Multithreading.java	ReConfig by duv14 incorporates OneConfig by Polyfrost and contributors.	Original file notices and third-party rights preserved; see LICENSE-RECONFIG.txt / THIRD_PARTY_NOTICES.md
modules/utils/src/main/java/org/polyfrost/oneconfig/utils/v1/NetworkUtils.java	ReConfig by duv14 incorporates OneConfig by Polyfrost and contributors.	Original file notices and third-party rights preserved; see LICENSE-RECONFIG.txt / THIRD_PARTY_NOTICES.md
modules/utils/src/main/java/org/polyfrost/oneconfig/utils/v1/OneImage.java	ReConfig by duv14 incorporates OneConfig by Polyfrost and contributors.	Original file notices and third-party rights preserved; see LICENSE-RECONFIG.txt / THIRD_PARTY_NOTICES.md
modules/utils/src/main/java/org/polyfrost/oneconfig/utils/v1/OverwriteMergeable.java	ReConfig by duv14 incorporates OneConfig by Polyfrost and contributors.	Original file notices and third-party rights preserved; see LICENSE-RECONFIG.txt / THIRD_PARTY_NOTICES.md
modules/utils/src/main/java/org/polyfrost/oneconfig/utils/v1/SimpleProfiler.java	ReConfig by duv14 incorporates OneConfig by Polyfrost and contributors.	Original file notices and third-party rights preserved; see LICENSE-RECONFIG.txt / THIRD_PARTY_NOTICES.md
modules/utils/src/main/java/org/polyfrost/oneconfig/utils/v1/TableHelper.java	ReConfig by duv14 incorporates OneConfig by Polyfrost and contributors.	Original file notices and third-party rights preserved; see LICENSE-RECONFIG.txt / THIRD_PARTY_NOTICES.md
modules/utils/src/main/java/org/polyfrost/oneconfig/utils/v1/WrappingUtils.java	ReConfig by duv14 incorporates OneConfig by Polyfrost and contributors.	Original file notices and third-party rights preserved; see LICENSE-RECONFIG.txt / THIRD_PARTY_NOTICES.md
modules/utils/src/main/kotlin/org/polyfrost/oneconfig/api/platform/v1/DesktopHelper.kt	ReConfig by duv14 incorporates OneConfig by Polyfrost and contributors.	Original file notices and third-party rights preserved; see LICENSE-RECONFIG.txt / THIRD_PARTY_NOTICES.md
modules/utils/src/main/kotlin/org/polyfrost/oneconfig/api/platform/v1/Keys.kt	ReConfig by duv14 incorporates OneConfig by Polyfrost and contributors.	Original file notices and third-party rights preserved; see LICENSE-RECONFIG.txt / THIRD_PARTY_NOTICES.md
modules/utils/src/main/kotlin/org/polyfrost/oneconfig/api/platform/v1/ModInfo.kt	ReConfig by duv14 incorporates OneConfig by Polyfrost and contributors.	Original file notices and third-party rights preserved; see LICENSE-RECONFIG.txt / THIRD_PARTY_NOTICES.md
modules/utils/src/main/kotlin/org/polyfrost/oneconfig/api/platform/v1/Options.kt	ReConfig by duv14 incorporates OneConfig by Polyfrost and contributors.	Original file notices and third-party rights preserved; see LICENSE-RECONFIG.txt / THIRD_PARTY_NOTICES.md
modules/utils/src/main/kotlin/org/polyfrost/oneconfig/utils/v1/MHUtils.kt	ReConfig by duv14 incorporates OneConfig by Polyfrost and contributors.	Original file notices and third-party rights preserved; see LICENSE-RECONFIG.txt / THIRD_PARTY_NOTICES.md
modules/utils/src/main/kotlin/org/polyfrost/oneconfig/utils/v1/dsl/io.kt	ReConfig by duv14 incorporates OneConfig by Polyfrost and contributors.	Original file notices and third-party rights preserved; see LICENSE-RECONFIG.txt / THIRD_PARTY_NOTICES.md
modules/utils/src/main/kotlin/org/polyfrost/oneconfig/utils/v1/dsl/multithreading.kt	ReConfig by duv14 incorporates OneConfig by Polyfrost and contributors.	Original file notices and third-party rights preserved; see LICENSE-RECONFIG.txt / THIRD_PARTY_NOTICES.md
modules/utils/src/main/kotlin/org/polyfrost/oneconfig/utils/v1/dsl/network.kt	ReConfig by duv14 incorporates OneConfig by Polyfrost and contributors.	Original file notices and third-party rights preserved; see LICENSE-RECONFIG.txt / THIRD_PARTY_NOTICES.md
modules/utils/src/test/java/org/polyfrost/oneconfig/utils/v1/MHUtilsTest.java	ReConfig by duv14 incorporates OneConfig by Polyfrost and contributors.	Original file notices and third-party rights preserved; see LICENSE-RECONFIG.txt / THIRD_PARTY_NOTICES.md
settings.gradle.kts	ReConfig by duv14 incorporates OneConfig by Polyfrost and contributors.	Original file notices and third-party rights preserved; see LICENSE-RECONFIG.txt / THIRD_PARTY_NOTICES.md
sounds/ambient/lullaby.ogg	ReConfig by duv14 incorporates OneConfig by Polyfrost and contributors.	Original file notices and third-party rights preserved; see LICENSE-RECONFIG.txt / THIRD_PARTY_NOTICES.md
sounds/ambient/moog_1.ogg	ReConfig by duv14 incorporates OneConfig by Polyfrost and contributors.	Original file notices and third-party rights preserved; see LICENSE-RECONFIG.txt / THIRD_PARTY_NOTICES.md
sounds/ambient/moog_2.ogg	ReConfig by duv14 incorporates OneConfig by Polyfrost and contributors.	Original file notices and third-party rights preserved; see LICENSE-RECONFIG.txt / THIRD_PARTY_NOTICES.md
sounds/ambient/trees.ogg	ReConfig by duv14 incorporates OneConfig by Polyfrost and contributors.	Original file notices and third-party rights preserved; see LICENSE-RECONFIG.txt / THIRD_PARTY_NOTICES.md
sounds/ui/pad_loop.ogg	ReConfig by duv14 incorporates OneConfig by Polyfrost and contributors.	Original file notices and third-party rights preserved; see LICENSE-RECONFIG.txt / THIRD_PARTY_NOTICES.md
tests/CombatConfigTest.java	ReConfig by duv14 incorporates OneConfig by Polyfrost and contributors.	Original file notices and third-party rights preserved; see LICENSE-RECONFIG.txt / THIRD_PARTY_NOTICES.md
tests/CrosshairPatternTest.java	ReConfig by duv14 incorporates OneConfig by Polyfrost and contributors.	Original file notices and third-party rights preserved; see LICENSE-RECONFIG.txt / THIRD_PARTY_NOTICES.md
tests/RuntimeMathTest.java	ReConfig by duv14 incorporates OneConfig by Polyfrost and contributors.	Original file notices and third-party rights preserved; see LICENSE-RECONFIG.txt / THIRD_PARTY_NOTICES.md
tests/WaypointProjectionTest.java	ReConfig by duv14 incorporates OneConfig by Polyfrost and contributors.	Original file notices and third-party rights preserved; see LICENSE-RECONFIG.txt / THIRD_PARTY_NOTICES.md
tests/WaypointStoreTest.java	ReConfig by duv14 incorporates OneConfig by Polyfrost and contributors.	Original file notices and third-party rights preserved; see LICENSE-RECONFIG.txt / THIRD_PARTY_NOTICES.md
tests/test_camera_controls.py	ReConfig by duv14 incorporates OneConfig by Polyfrost and contributors.	Original file notices and third-party rights preserved; see LICENSE-RECONFIG.txt / THIRD_PARTY_NOTICES.md
tests/test_combat_config.py	ReConfig by duv14 incorporates OneConfig by Polyfrost and contributors.	Original file notices and third-party rights preserved; see LICENSE-RECONFIG.txt / THIRD_PARTY_NOTICES.md
tests/test_hud_counters.py	ReConfig by duv14 incorporates OneConfig by Polyfrost and contributors.	Original file notices and third-party rights preserved; see LICENSE-RECONFIG.txt / THIRD_PARTY_NOTICES.md
tests/test_reconfig_regressions.py	ReConfig by duv14 incorporates OneConfig by Polyfrost and contributors.	Original file notices and third-party rights preserved; see LICENSE-RECONFIG.txt / THIRD_PARTY_NOTICES.md
tests/test_sound_replacement.py	ReConfig by duv14 incorporates OneConfig by Polyfrost and contributors.	Original file notices and third-party rights preserved; see LICENSE-RECONFIG.txt / THIRD_PARTY_NOTICES.md
tests/test_streamer_redaction.py	ReConfig by duv14 incorporates OneConfig by Polyfrost and contributors.	Original file notices and third-party rights preserved; see LICENSE-RECONFIG.txt / THIRD_PARTY_NOTICES.md
tests/test_waypoint_and_crosshair.py	ReConfig by duv14 incorporates OneConfig by Polyfrost and contributors.	Original file notices and third-party rights preserved; see LICENSE-RECONFIG.txt / THIRD_PARTY_NOTICES.md
tools/release_attribution.py	ReConfig by duv14 incorporates OneConfig by Polyfrost and contributors.	Original file notices and third-party rights preserved; see LICENSE-RECONFIG.txt / THIRD_PARTY_NOTICES.md
